이름,주소,전화번호,번호구분,위도,경도,이미지URL,비고
갑곶순교성지,인천광역시 강화군 강화읍 해안동로1366번길 35,032-933-1525,개별 문의처,37.73409113,126.517438,http://tong.visitkorea.or.kr/cms/resource/26/2780626_image2_1.png,
강화 갑곶리 탱자나무,인천광역시 강화군 강화읍 동문로 119,032-930-3124,지자체 대표번호,37.75406697,126.4949911,http://tong.visitkorea.or.kr/cms/resource/80/1579080_image2_1.jpg,
강화 달빛동화마을,인천광역시 강화군 양도면 강화남로921번길 10-6,032-937-9960,개별 문의처,37.68127263,126.4140239,http://tong.visitkorea.or.kr/cms/resource/56/2512556_image2_1.jpg,
강화 덕진진,인천광역시 강화군 불은면 덕진로 34,032-930-7074,지자체 대표번호,37.64971395,126.5237942,http://tong.visitkorea.or.kr/cms/resource/67/1579067_image2_1.jpg,
강화 동막해변,인천광역시 강화군 화도면 해안남로 1481,032-937-4445,지자체 대표번호,37.59274391,126.4581091,http://tong.visitkorea.or.kr/cms/resource/15/2003415_image2_1.jpg,
강화 사기리 탱자나무,인천광역시 강화군 화도면 해안남로1114번길 6,032-930-3621,지자체 대표번호,37.61645063,126.4567111,,추가연락가능번호 : 033-480-2230(양구군청)
강화 서도 중앙교회,인천광역시 강화군 서도면 주문도길 256-1,032-932-7131,개별 문의처,37.64499917,126.2479122,,
강화 석수문,인천광역시 강화군 강화읍 국화리,032-930-7071,지자체 대표번호,37.74358227,126.4608847,http://tong.visitkorea.or.kr/cms/resource/52/2512552_image2_1.jpg,
강화 선원사지,인천광역시 강화군 선원면 선원사지로 222,032-930-3621,지자체 대표번호,37.71883963,126.4925077,http://tong.visitkorea.or.kr/cms/resource/47/1577247_image2_1.jpg,
강화 아르미애월드,인천광역시 강화군 불은면 중앙로 742-2,032-937-3581,개별 문의처,37.70585704,126.4440845,http://tong.visitkorea.or.kr/cms/resource/58/2490358_image2_1.JPG,"추가연락가능번호 : 033-460-8955, 033-460-8956, 033-460-8957"
강화 용두레마을,인천광역시 강화군 내가면 황청포구로385번길 8,032-933-5711,개별 문의처,37.71852262,126.3604293,http://tong.visitkorea.or.kr/cms/resource/15/2512715_image2_1.jpg,"추가연락가능번호 : 033-460-8955, 033-460-8956, 033-460-8957"
강화 원도심 스토리워크,인천광역시 강화군 강화읍 관청길27번길 10,032-930-3125,지자체 대표번호,37.74841147,126.4860896,,
강화 장정리 석조여래입상,인천광역시 강화군 하점면 장정리,032-930-3621,지자체 대표번호,37.77933111,126.4300222,http://tong.visitkorea.or.kr/cms/resource/03/183103_image2_1.jpg,
강화 장정리 오층석탑,인천광역시 강화군 하점면 장정리,032-930-3621,지자체 대표번호,37.77933111,126.4300222,http://tong.visitkorea.or.kr/cms/resource/03/183103_image2_1.jpg,
강화 전등사,인천광역시 강화군 길상면 전등사로 37-41,032-937-0125,개별 문의처,37.63304316,126.49174,http://tong.visitkorea.or.kr/cms/resource/38/2675538_image2_1.jpg,
강화 참성단,인천광역시 강화군 화도면 흥왕리,032-930-4571,지자체 대표번호,37.60518135,126.4203279,http://tong.visitkorea.or.kr/cms/resource/41/217641_image2_1.jpg,
강화 초지진,인천광역시 강화군 길상면 해안동로 58,032-930-7072,지자체 대표번호,37.6326099,126.5322629,http://tong.visitkorea.or.kr/cms/resource/34/1577834_image2_1.jpg,
강화 홍릉,인천광역시 강화군 강화읍 국화리,032-930-7071,지자체 대표번호,37.74358227,126.4608847,,
강화 화문석마을,인천광역시 강화군 송해면 전망대로468번길 11,032-934-1188,개별 문의처,37.80200359,126.4585326,http://tong.visitkorea.or.kr/cms/resource/10/2512610_image2_1.jpg,
강화갯벌 및 저어새번식지,인천광역시 강화군 화도면 여차리,032-930-3582,지자체 대표번호,37.60484481,126.3998646,http://tong.visitkorea.or.kr/cms/resource/06/643606_image2_1.jpg,
국자와 주걱,인천광역시 강화군 양도면 강화남로428번길 46-27,032-937-0749,개별 문의처,37.65125512,126.4437578,,
강화도동부해안도로,인천광역시 강화군 양도면 해안서로 508,032-930-3114,지자체 대표번호,37.67734568,126.4022822,,
강화도령 화문석 체험장,인천광역시 강화군 송해면 강화대로 891-10,032-934-4351,개별 문의처,37.76211323,126.4657266,http://tong.visitkorea.or.kr/cms/resource/31/2672631_image2_1.jpg,"추가연락가능번호 : 031-940-5282, 031-940-5283"
강화도제적봉 평화전망대,인천광역시 강화군 양사면 전망대로 797,032-930-7062,개별 문의처,37.82643627,126.4330211,http://tong.visitkorea.or.kr/cms/resource/31/2657531_image2_1.jpg,
강화루지(강화씨사이드리조트),인천광역시 강화군 길상면 장흥로 217,032-930-9000,개별 문의처,37.61712205,126.4981148,,
강화산성,인천광역시 강화군 강화읍 국화리 산3번지,032-930-7071,지자체 대표번호,37.75561293,126.4774256,http://tong.visitkorea.or.kr/cms/resource/34/1579234_image2_1.jpg,
강화오상리고인돌군,인천광역시 강화군 내가면 강화서로416번길 53-37,032-930-3893,개별 문의처,37.73151872,126.3950893,http://tong.visitkorea.or.kr/cms/resource/24/2780924_image2_1.png,
강화유수부동헌,인천광역시 강화군 강화읍 북문길 42,032-930-7071,지자체 대표번호,37.75082074,126.4853901,http://tong.visitkorea.or.kr/cms/resource/46/1575646_image2_1.jpg,
강화유수부이방청,인천광역시 강화군 강화읍 북문길 42,032-930-7071,지자체 대표번호,37.75082074,126.4853901,http://tong.visitkorea.or.kr/cms/resource/46/1575646_image2_1.jpg,
강화전적지,인천광역시 강화군 강화읍 해안동로1366번길 18,032-930-7071,지자체 대표번호,37.73357897,126.5159972,http://tong.visitkorea.or.kr/cms/resource/19/688619_image2_1.jpg,
강화해수랜드,인천광역시 강화군 길상면 해안남로 13-12,032-937-1400,개별 문의처,37.59142726,126.460678,,
강화향교,인천광역시 강화군 강화읍 향교길 58,032-930-3621,지자체 대표번호,37.75364878,126.4787527,http://tong.visitkorea.or.kr/cms/resource/54/1575654_image2_1.jpg,
건평항,인천광역시 강화군 양도면 건평리 623-16,032-930-3562,지자체 대표번호,37.68228188,126.4027783,http://tong.visitkorea.or.kr/cms/resource/02/2780102_image2_1.png,
계룡돈대,인천광역시 강화군 내가면 황청리,032-930-7071,지자체 대표번호,37.71736498,126.3601149,http://tong.visitkorea.or.kr/cms/resource/28/1579328_image2_1.jpg,
고려궁지,인천광역시 강화군 강화읍 북문길 42,032-930-7071,지자체 대표번호,37.75082074,126.4853901,http://tong.visitkorea.or.kr/cms/resource/46/1575646_image2_1.jpg,
고려산,인천광역시 강화군 내가면 고천리,032-930-3627,지자체 대표번호,37.7211135,126.4028024,http://tong.visitkorea.or.kr/cms/resource/07/2003407_image2_1.jpg,
고려천도공원,인천광역시 강화군 송해면 당산리 388-7,032-930-3580,지자체 대표번호,37.80107552,126.4572969,http://tong.visitkorea.or.kr/cms/resource/86/2780186_image2_1.png,
광성보,인천광역시 강화군 불은면 해안동로466번길 27,032-930-7070,지자체 대표번호,37.66478547,126.5299319,http://tong.visitkorea.or.kr/cms/resource/82/2363682_image2_1.jpg,
교동도(강화),인천광역시 강화군 교동면 교동남로 35,032-930-4500,지자체 대표번호,37.78048938,126.2810496,,
교동도선착장대합실,인천광역시 강화군 교동면 교동남로 466,032-930-3124,개별 문의처,37.77491332,126.3170631,http://tong.visitkorea.or.kr/cms/resource/96/2780196_image2_1.png,
교동읍성,인천광역시 강화군 교동면 읍내리 577,032-930-4500,지자체 대표번호,37.76952427,126.2953745,http://tong.visitkorea.or.kr/cms/resource/39/2780239_image2_1.jpg,
교동제비집,인천광역시 강화군 교동면 교동남로 20-1,032-934-1000,개별 문의처,37.77089763,126.2972973,,
교동향교,인천광역시 강화군 교동면 교동남로 229-49,032-930-3621,지자체 대표번호,37.77089763,126.2972973,http://tong.visitkorea.or.kr/cms/resource/79/1989979_image2_1.jpg,
난정리 전망대,인천광역시 강화군 교동면 난정리 729,032-930-3061,개별 문의처,37.77628801,126.2296572,,
난정리해바라기마을정원,인천광역시 강화군 교동면 난정리 741-3,032-899-7300,개별 문의처,37.77713285,126.2347636,http://tong.visitkorea.or.kr/cms/resource/62/2780262_image2_1.png,
난정저수지,인천광역시 강화군 교동면 난정리,032-930-4501,개별 문의처,37.77713285,126.2347636,,
남산포 선착장,인천광역시 강화군 교동면 읍내리 698,032-930-4500,지자체 대표번호,37.76583737,126.2949313,,
대한성공회 강화성당,인천광역시 강화군 강화읍 관청길27번길 10,032-934-6171,개별 문의처,37.74841147,126.4860896,,
도래미마을,인천광역시 강화군 선원면 해안동로 1129-19,032-934-4994,개별 문의처,37.6802345,126.5174777,http://tong.visitkorea.or.kr/cms/resource/49/2630949_image2_1.bmp,
"동검도(나들길,캠핑,예술극장)",인천광역시 강화군 길상면 동검길63번길 60,032-937-0125,지자체 대표번호,37.59130952,126.5183881,http://tong.visitkorea.or.kr/cms/resource/07/2661507_image2_1.jpg,
동검선착장,인천광역시 강화군 길상면 동검길65번길 91-9,032-930-3562,지자체 대표번호,37.58705881,126.5197469,,
리안월드핫스프링빌리지,인천광역시 강화군 삼산면 삼산남로 411,032-930-7050,개별 문의처,37.66302792,126.3553339,http://tong.visitkorea.or.kr/cms/resource/08/2781308_image2_1.png,
마니산(강화),인천광역시 강화군 화도면 마니산로675번길 18,032-930-7068,개별 문의처,37.63245891,126.4237971,http://tong.visitkorea.or.kr/cms/resource/74/1659674_image2_1.jpg,
망양돈대,인천광역시 강화군 내가면 해안서로,032-930-7071,지자체 대표번호,37.68183844,126.3954949,http://tong.visitkorea.or.kr/cms/resource/22/1579322_image2_1.jpg,추가연락가능번호 : 033-480-2230(양구군청)
망월돈대 및 장성,인천광역시 강화군 하점면 망월리 2107번지,032-930-7071,지자체 대표번호,37.74166418,126.3553922,http://tong.visitkorea.or.kr/cms/resource/96/2780296_image2_1.JPG,
망향대,인천광역시 강화군 교동면,032-930-4500,지자체 대표번호,37.78452858,126.2830148,,
무태돈대,인천광역시 강화군 하점면 창후로,032-930-7071,지자체 대표번호,37.76211383,126.3673781,http://tong.visitkorea.or.kr/cms/resource/40/1579340_image2_1.jpg,
미타임강화,인천광역시 강화군 강화서로 780,032-934-8899,개별 문의처,37.76322669,126.3840471,http://tong.visitkorea.or.kr/cms/resource/37/2949737_image2_1.jpg,"추가연락가능번호 : 033-460-8955, 033-460-8956, 033-460-8957"
민머루해변,인천광역시 강화군 삼산면 어류정길212번길,032-930-3562,지자체 대표번호,37.65321605,126.3301435,http://tong.visitkorea.or.kr/cms/resource/93/2363693_image2_1.jpg,"추가연락가능번호 : 033-460-8955, 033-460-8956, 033-460-8957"
백련사(강화),인천광역시 강화군 하점면 고려산로61번길 270,032-933-5082,개별 문의처,37.75100917,126.4384141,http://tong.visitkorea.or.kr/cms/resource/72/1577272_image2_1.jpg,
보문사(강화),인천광역시 강화군 삼산남로828번길 44 보문사,032-933-8271,개별 문의처,37.68868904,126.3210157,http://tong.visitkorea.or.kr/cms/resource/48/1990048_image2_1.jpg,
볼음도(저어새 생태마을),인천광역시 강화군 서도면 볼음도리 595-1,032-932-4591,개별 문의처,37.67092542,126.1910704,http://tong.visitkorea.or.kr/cms/resource/51/2674851_image2_1.jpg,
분오리돈대,인천광역시 강화군 화도면,032-930-7071,지자체 대표번호,37.63167484,126.4198367,http://tong.visitkorea.or.kr/cms/resource/51/1579151_image2_1.jpg,
삼랑성(정족산성),인천광역시 강화군 길상면 온수리,032-930-7071,지자체 대표번호,37.64134564,126.4837682,http://tong.visitkorea.or.kr/cms/resource/32/1577832_image2_1.jpg,
장구너머항,인천광역시 강화군 삼산면 매음리 1048-16,032-930-3562,지자체 대표번호,37.66998231,126.3432028,,
석모도,인천광역시 강화군 삼산면 삼산북로 9,031-940-9400,지자체 대표번호,37.69342745,126.3670916,http://tong.visitkorea.or.kr/cms/resource/09/2674909_image2_1.jpg,
석모도 미네랄 온천,인천광역시 강화군 삼산면 삼산남로 865-17,032-930-7052,개별 문의처,37.67364385,126.3381127,http://tong.visitkorea.or.kr/cms/resource/92/2490892_image2_1.JPG,
석모도 수목원,인천광역시 강화군 삼산면 삼산북로449번길 161,032-930-7045,개별 문의처,37.69124877,126.3264377,http://tong.visitkorea.or.kr/cms/resource/31/2490931_image2_1.JPG,
석모도 자연휴양림,인천광역시 강화군 삼산면 삼산서로 39-75,032-932-1100,개별 문의처,37.70594459,126.2987431,http://tong.visitkorea.or.kr/cms/resource/23/2490923_image2_1.JPG,
석포리선착장,인천광역시 강화군 삼산면 삼산북로 4,032-930-3366,개별 문의처,37.6938343,126.3672223,http://tong.visitkorea.or.kr/cms/resource/56/2791356_image2_1.jpg,
소창체험관,인천광역시 강화군 강화읍 남문안길20번길 8,032-934-2500,개별 문의처,37.74569124,126.4848387,http://tong.visitkorea.or.kr/cms/resource/04/2609104_image2_1.bmp,"추가연락가능번호 : 031-940-5282, 031-940-5283"
양헌수승전비,인천광역시 강화군 길상면 온수리,032-930-3621,지자체 대표번호,37.64134564,126.4837682,http://tong.visitkorea.or.kr/cms/resource/32/1577832_image2_1.jpg,
어류정항,인천광역시 강화군 삼산면 어류정길177번길 117,032-930-3562,지자체 대표번호,37.64539989,126.3433489,,
연등국제선원,인천광역시 강화군 길상면 강화동로 349-60,032-937-7033,개별 문의처,37.68132896,126.4823677,http://tong.visitkorea.or.kr/cms/resource/25/2512625_image2_1.jpg,
연무당 옛터,인천광역시 강화군 강화읍 국화리,032-930-7071,지자체 대표번호,37.74358227,126.4608847,http://tong.visitkorea.or.kr/cms/resource/52/2512552_image2_1.jpg,
연미정,인천광역시 강화군 강화읍 월곳리 242,032-930-7071,지자체 대표번호,37.77091922,126.5119091,http://tong.visitkorea.or.kr/cms/resource/08/2849208_image2_1.jpg,
연산군유배지,인천광역시 강화군 교동면 교동동로471번길 6-62,032-930-4500,지자체 대표번호,37.78646265,126.2844103,http://tong.visitkorea.or.kr/cms/resource/59/2780659_image2_1.jpg,
오읍약수터,인천광역시 강화군 북문길 110 오읍약수터,032-930-3627,지자체 대표번호,37.75519741,126.4844209,,
옥토끼우주센터,인천광역시 강화군 불은면 강화동로 403,032-937-6917,개별 문의처,37.67414288,126.4873082,http://tong.visitkorea.or.kr/cms/resource/71/1575771_image2_1.jpg,
외포리선착장,인천광역시 강화군 내가면 해안서로 883,032-932-6619,개별 문의처,37.70041811,126.3814219,,
용진진,인천광역시 강화군 선원면 연리,032-930-7071,지자체 대표번호,37.70311407,126.506854,http://tong.visitkorea.or.kr/cms/resource/47/1579047_image2_1.jpg,
용흥궁,인천광역시 강화군 강화읍 동문안길21번길 16-1,032-930-7071,지자체 대표번호,37.74765697,126.4858958,http://tong.visitkorea.or.kr/cms/resource/40/1575640_image2_1.jpg,
우공책방,인천광역시 강화군 내가면 연촌길 77-10,031-980-3200,개별 문의처,37.7321931,126.4149589,,
이건창 생가,인천광역시 강화군 화도면 해안남로1114번길 6,032-930-3621,지자체 대표번호,37.61645063,126.4567111,,
이섭정,인천광역시 강화군 강화읍 갑곳리,032-930-3621,지자체 대표번호,37.73913513,126.5044006,http://tong.visitkorea.or.kr/cms/resource/29/1575629_image2_1.jpg,
장곶돈대,인천광역시 강화군 화도면 장화리,032-930-7071,지자체 대표번호,37.62047931,126.3846197,http://tong.visitkorea.or.kr/cms/resource/68/1579268_image2_1.jpg,
적석사,인천광역시 강화군 내가면 연촌길 181,032-933-7848,개별 문의처,37.73741275,126.4109323,,
정수사(강화),인천광역시 강화군 화도면 해안남로1258번길 142,032-937-3611,개별 문의처,37.60716118,126.4462045,http://tong.visitkorea.or.kr/cms/resource/05/1577305_image2_1.jpg,
정족산,인천광역시 강화군 길상면 전등사로,032-930-3627,지자체 대표번호,37.63304316,126.49174,http://tong.visitkorea.or.kr/cms/resource/67/182967_image2_1.jpg,
종해루,인천광역시 강화군 길상면 전등사로 37-41 전등사,032-937-0125,개별 문의처,37.63215992,126.4844068,http://tong.visitkorea.or.kr/cms/resource/12/1575712_image2_1.jpg,
주문도,인천광역시 강화군 서도면 주문도1길 16,032-932-9819,지자체 대표번호,37.65039687,126.2391354,,
창후리선착장,인천광역시 강화군 하점면 창후로 320,032-930-4571,개별 문의처,37.77029673,126.3549985,,
책방시점,인천광역시 강화군 길상면 마니산로 101-16,,개별 문의처,37.63117495,126.4439685,,
천상병 귀천(歸天) 공원,인천광역시 강화군 양도면 건평리 889,032-930-3580,지자체 대표번호,37.68147381,126.3960739,http://tong.visitkorea.or.kr/cms/resource/39/2638539_image2_1.JPG,
철종외가,인천광역시 강화군 선원면 철종외가길 46-1,032-930-3621,지자체 대표번호,37.70468362,126.4761373,http://tong.visitkorea.or.kr/cms/resource/44/1577244_image2_1.jpg,
청련사(강화),인천광역시 강화군 강화읍 고비고개로188번길 112,032-933-3887,개별 문의처,37.74597423,126.4486731,http://tong.visitkorea.or.kr/cms/resource/62/1575662_image2_1.jpg,
초지대교,인천광역시 강화군 길상면,032-930-3114,지자체 대표번호,37.6416649,126.4892227,http://tong.visitkorea.or.kr/cms/resource/34/2742134_image2_1.jpg,
충렬사,인천광역시 강화군 선원면 충렬사로 232,032-930-7071,지자체 대표번호,37.7263388,126.4663316,,
티앤림자연휴양림,인천광역시 강화군 불은면 중앙로 546-34,032-937-4181,개별 문의처,37.70585704,126.4440845,http://tong.visitkorea.or.kr/cms/resource/90/2780690_image2_1.png,
프렌쥬랜드,인천광역시 강화군 길상면 보리고개로 166,032-937-8358,개별 문의처,37.62527741,126.4860926,http://tong.visitkorea.or.kr/cms/resource/01/2780701_image2_1.jpg,
하리선착장,인천광역시 강화군 삼산면 삼산북로 886,032-932-6002,개별 문의처,37.72840435,126.287582,,
해명산,인천광역시 강화군 삼산면 석포리 산 185,032-930-3627,지자체 대표번호,37.68042535,126.3509908,,추가연락가능번호 : 033-480-2230(양구군청)
화개사,인천광역시 강화군 교동면 교동남로 229-9,032-932-4140,개별 문의처,37.77089763,126.2972973,http://tong.visitkorea.or.kr/cms/resource/41/2780741_image2_1.png,
황산선착장,인천광역시 강화군 길상면 초지리,032-930-3562,지자체 대표번호,37.62939655,126.5217422,,
황청포구,인천광역시 강화군 내가면 황청포구로 492,032-932-2819,개별 문의처,37.71224182,126.3536824,,
후애돈대,인천광역시 강화군 길상면 선두리,032-930-7071,지자체 대표번호,37.61618189,126.4843047,,"추가연락가능번호 : 033-460-8955, 033-460-8956, 033-460-8957"
후포항 선수포구,인천광역시 강화군 화도면 해안남로2903번길,032-930-3562,지자체 대표번호,37.63941587,126.3948622,,"추가연락가능번호 : 033-460-8955, 033-460-8956, 033-460-8957"
가진항,강원특별자치도 고성군 죽왕면 가진해변길 121-12,033-680-3362,지자체 대표번호,38.36740739,128.5094725,,
가진해변,강원특별자치도 고성군 죽왕면 가진리 495-6,033-680-3362,지자체 대표번호,38.36604776,128.4965287,http://tong.visitkorea.or.kr/cms/resource/11/2607611_image2_1.jpg,
팔랑폭포,강원특별자치도 양구군 동면,033-480-2251,지자체 대표번호,38.20231664,128.0435,,
간성향교,강원특별자치도 고성군 간성읍 진부령로 2659,02-2658-9988,지자체 대표번호,38.37810526,128.4387672,http://tong.visitkorea.or.kr/cms/resource/60/738160_image2_1.jpg,
아야진항,강원특별자치도 고성군 토성면 아야진해변길 76,033-680-3362,지자체 대표번호,38.27188377,128.555639,,
거진11리해변,강원특별자치도 고성군 거진읍 거진리,033-680-3362,지자체 대표번호,38.44764887,128.4565232,http://tong.visitkorea.or.kr/cms/resource/38/2659838_image2_1.jpg,
거진1리해변,강원특별자치도 고성군 거진읍 거진1리,033-680-3362,지자체 대표번호,38.4524242,128.4628088,http://tong.visitkorea.or.kr/cms/resource/47/176147_image2_1.jpg,
거진등대해맞이공원,강원특별자치도 고성군 거진읍 거탄진로209번길 19,033-670-2233,지자체 대표번호,38.44891061,128.4643851,,
건봉사,강원특별자치도 고성군 거진읍 건봉사로 723,033-682-8100,개별 문의처,38.40225017,128.3799656,http://tong.visitkorea.or.kr/cms/resource/49/2659849_image2_1.jpg,
고성 문암리 유적,강원특별자치도 고성군 죽왕면 문암진리,033-680-3367,지자체 대표번호,38.30374949,128.5442209,,
고성 어명기 고택,강원특별자치도 고성군 죽왕면 봉수대길 131-7,033-680-3361,지자체 대표번호,38.31595499,128.5181115,,
고성 왕곡마을,강원특별자치도 고성군 왕곡마을길 41,033-631-2120,개별 문의처,38.3406179,128.4993066,http://tong.visitkorea.or.kr/cms/resource/92/2654792_image2_1.jpg,"추가연락가능번호 : 031-940-5282, 031-940-5283"
고성 제3기 현무암,강원특별자치도 고성군 토성면 뒷골길 60,033-680-3361,지자체 대표번호,38.2835651,128.5058487,http://tong.visitkorea.or.kr/cms/resource/03/2616503_image2_1.bmp,
고성 통일전망타워,강원특별자치도 고성군 현내면 금강산로 481,033-682-0088,개별 문의처,38.51441872,128.4166567,http://tong.visitkorea.or.kr/cms/resource/54/2599054_image2_1.jpg,
공현진1리해변,강원특별자치도 고성군 죽왕면,033-680-3362,지자체 대표번호,38.32875968,128.5252058,http://tong.visitkorea.or.kr/cms/resource/79/175279_image2_1.jpg,
공현진항,강원특별자치도 고성군 죽왕면 공현진리,033-680-3413,개별 문의처,38.35727077,128.4981875,,
교암리해수욕장,강원특별자치도 고성군 토성면 천학정길 39,033-680-3362,지자체 대표번호,38.29171435,128.5465315,http://tong.visitkorea.or.kr/cms/resource/54/2786854_image2_1.jpg,
교암항,강원특별자치도 고성군 토성면 교암리 151-10,033-680-3362,지자체 대표번호,38.28685728,128.5578657,,
교암해변,강원특별자치도 고성군 토성면,033-680-3362,지자체 대표번호,38.2572897,128.5589065,http://tong.visitkorea.or.kr/cms/resource/80/175280_image2_1.jpg,
극락암(강원),강원특별자치도 고성군 교동2길 26 대한불교조계종극락암,033-681-2095,개별 문의처,38.38052074,128.4395324,http://tong.visitkorea.or.kr/cms/resource/92/2494192_image2_1.jpg,
김일성 별장,강원특별자치도 고성군 거진읍 화진포길 280,033-680-3677,개별 문의처,38.47350063,128.441567,http://tong.visitkorea.or.kr/cms/resource/88/2713588_image2_1.jpg,
김하인 아트홀 국화꽃향기,강원특별자치도 고성군 죽왕면 자작도선사길 120-4,033-636-5679,개별 문의처,38.30957092,128.5424495,http://tong.visitkorea.or.kr/cms/resource/82/2372082_image2_1.JPG,
능파대 (강원평화지역 국가지질공원),강원특별자치도 고성군 죽왕면 괘진길 65,033-680-3332,지자체 대표번호,38.29640835,128.5499034,,
대진 등대,강원특별자치도 고성군 현내면 한나루로4길 16-38,033-682-0172,개별 문의처,38.50486637,128.4231733,http://tong.visitkorea.or.kr/cms/resource/00/1813600_image2_1.jpg,
대진1리해변,강원특별자치도 고성군 현내면 한나루로4길 1,033-680-3362,지자체 대표번호,38.50338118,128.4236379,http://tong.visitkorea.or.kr/cms/resource/83/175283_image2_1.jpg,
대진항,강원특별자치도 고성군 현내면 대진항길,033-680-3362,지자체 대표번호,38.49895279,128.4259126,,
아야진해변,강원특별자치도 고성군 토성면 아야진해변길 157,033-680-3362,지자체 대표번호,38.27651918,128.552761,,
델피노호텔&리조트 오션플레이,강원특별자치도 고성군 토성면 미시령옛길 1153,1588-4888,개별 문의처,38.21311628,128.4934404,http://tong.visitkorea.or.kr/cms/resource/99/1335499_image2_1.jpg,
도원리계곡,강원특별자치도 고성군 토성면 도원리 398-17,033-632-0923,지자체 대표번호,38.26697837,128.462112,,
마차진해변,강원특별자치도 고성군 현내면,033-680-3362,지자체 대표번호,38.49434166,128.4273092,http://tong.visitkorea.or.kr/cms/resource/82/483082_image2_1.jpg,
명파해변,강원특별자치도 고성군 현내면,033-680-3362,지자체 대표번호,38.49434166,128.4273092,http://tong.visitkorea.or.kr/cms/resource/82/483082_image2_1.jpg,
문암2리해변,강원특별자치도 고성군 죽왕면,033-680-3362,지자체 대표번호,38.32875968,128.5252058,http://tong.visitkorea.or.kr/cms/resource/79/175279_image2_1.jpg,
문암항,강원특별자치도 고성군 죽왕면 문암진리 134-88,033-680-3362,지자체 대표번호,38.30374949,128.5442209,http://tong.visitkorea.or.kr/cms/resource/91/2786491_image2_1.jpg,
미시령옛길 울산바위 은하수,강원특별자치도 고성군 토성면 원암리 산1,033-680-3677,지자체 대표번호,38.20496198,128.4786215,http://tong.visitkorea.or.kr/cms/resource/56/2792356_image2_1.jpg,
반암항,강원특별자치도 고성군 거진읍 자산천로 102-15,033-680-3362,지자체 대표번호,38.42819391,128.4583218,,
반암해변,강원특별자치도 고성군 거진읍,033-680-3362,지자체 대표번호,38.43613916,128.4525538,http://tong.visitkorea.or.kr/cms/resource/67/174967_image2_1.jpg,
백도항/문암1리항,강원특별자치도 고성군 죽왕면 문암항3길 26,033-680-3362,지자체 대표번호,38.30285915,128.5495259,http://tong.visitkorea.or.kr/cms/resource/03/2786503_image2_1.jpg,
백도해변,강원특별자치도 고성군 죽왕면 백도해변길 78,033-680-3362,지자체 대표번호,38.30184159,128.545239,http://tong.visitkorea.or.kr/cms/resource/96/1581396_image2_1.jpg,
백도해수욕장,강원특별자치도 고성군 죽왕면 문암진리 19,033-680-3362,지자체 대표번호,38.30249619,128.5461288,http://tong.visitkorea.or.kr/cms/resource/08/2947208_image2_1.jpg,
백섬해상전망대,강원특별자치도 고성군 거진읍 거진리,033-680-3114,지자체 대표번호,38.44764887,128.4565232,http://tong.visitkorea.or.kr/cms/resource/38/2659838_image2_1.jpg,
봉수대해변,강원특별자치도 고성군 죽왕면 오호리,033-680-3362,지자체 대표번호,38.32969671,128.5254679,http://tong.visitkorea.or.kr/cms/resource/07/1581407_image2_1.jpg,
봉포항,강원특별자치도 고성군 토성면 토성로 44-10,033-680-3362,지자체 대표번호,38.2542531,128.5628989,,
봉포해변,강원특별자치도 고성군 토성면,033-680-3362,지자체 대표번호,38.2572897,128.5589065,http://tong.visitkorea.or.kr/cms/resource/80/175280_image2_1.jpg,추가연락가능번호 : 033-480-2230(양구군청)
삼포해변,강원특별자치도 고성군 죽왕면 삼포해변길 15-4,033-680-3362,지자체 대표번호,38.31396946,128.5359715,http://tong.visitkorea.or.kr/cms/resource/13/1581413_image2_1.jpg,
소똥령마을,강원특별자치도 고성군 간성읍 소똥령마을길 82,1597-8596,개별 문의처,38.33178636,128.3803029,http://tong.visitkorea.or.kr/cms/resource/07/2567707_image2_1.jpg,
속초설악 삼포비치바이크 고성점,강원특별자치도 고성군 죽왕면 삼포해변길 9,,개별 문의처,38.31704543,128.5310817,http://tong.visitkorea.or.kr/cms/resource/33/2568633_image2_1.bmp,
송지호 해수욕장,강원특별자치도 고성군 죽왕면 심층수길 85,033-680-3362,지자체 대표번호,38.33110527,128.52646,http://tong.visitkorea.or.kr/cms/resource/98/1954198_image2_1.jpg,"추가연락가능번호 : 033-460-8955, 033-460-8956, 033-460-8957"
송지호 해안 서낭바위,강원특별자치도 고성군 죽왕면,033-680-3361,지자체 대표번호,38.32875968,128.5252058,http://tong.visitkorea.or.kr/cms/resource/79/175279_image2_1.jpg,"추가연락가능번호 : 033-460-8955, 033-460-8956, 033-460-8957"
송지호관망타워,강원특별자치도 고성군 죽왕면 동해대로 6021,033-680-3556,개별 문의처,38.33625251,128.5175602,http://tong.visitkorea.or.kr/cms/resource/14/2567714_image2_1.jpg,
오호항,강원특별자치도 고성군 죽왕면 오호리 29-46,033-680-3362,지자체 대표번호,38.32969671,128.5254679,,
울산바위촬영휴게소,강원특별자치도 고성군 토성면 미시령로 2653,033-636-8008,개별 문의처,38.20726592,128.4966971,,
육송정 홍교,강원특별자치도 고성군 토성면 해상리 1041,033-680-3360,지자체 대표번호,38.38667246,128.4089058,,
응봉,강원특별자치도 고성군 거진읍 화진포길 204-25,033-680-3114,지자체 대표번호,38.46869896,128.4446303,,
이덕균가옥,강원특별자치도 고성군 죽왕면 송지호로 198-12,031-957-2004,지자체 대표번호,38.33085244,128.4944374,,
이승만별장(고성),강원특별자치도 고성군 현내면 화진포길 280,033-680-3677,개별 문의처,38.47103848,128.4363116,http://tong.visitkorea.or.kr/cms/resource/01/2600601_image2_1.jpg,
자작도해변,강원특별자치도 고성군 죽왕면 자작도선사길,033-680-3362,지자체 대표번호,38.30957092,128.5424495,http://tong.visitkorea.or.kr/cms/resource/87/181587_image2_1.jpg,
장신유원지,강원특별자치도 고성군 간성읍 소똥령마을길 32,033-680-3354,개별 문의처,38.33049763,128.3783976,http://tong.visitkorea.or.kr/cms/resource/02/1955702_image2_1.jpg,
"죽정분교(구,죽정초등학교)",강원특별자치도 고성군 현내면 모정2길 2,033-680-3356,지자체 대표번호,38.47036978,128.4197356,,
진부령,강원특별자치도 고성군 간성읍 진부리,033-680-3677,지자체 대표번호,38.29889564,128.3437643,http://tong.visitkorea.or.kr/cms/resource/31/2616531_image2_1.bmp,
진부령 흘리마을,강원특별자치도 고성군 간성읍 흘리길 185,070-8849-7014,개별 문의처,38.26484585,128.3740824,http://tong.visitkorea.or.kr/cms/resource/01/217601_image2_1.jpg,"추가연락가능번호 : 031-940-5282, 031-940-5283"
진부리 마을관리휴양지,강원특별자치도 고성군 간성읍 진부리 133,033-680-3677,개별 문의처,38.29327871,128.3639476,http://tong.visitkorea.or.kr/cms/resource/50/2715750_image2_1.jpg,
천진항,강원특별자치도 고성군 토성면 천진해변길 46,033-680-3362,지자체 대표번호,38.26060261,128.5604652,,
천진해변,강원특별자치도 고성군 토성면,033-680-3362,지자체 대표번호,38.2572897,128.5589065,http://tong.visitkorea.or.kr/cms/resource/80/175280_image2_1.jpg,
천학정/문암포구,강원특별자치도 고성군 토성면 동해대로 5110,033-631-8722,지자체 대표번호,38.26439877,128.5583736,http://tong.visitkorea.or.kr/cms/resource/16/175216_image2_1.jpg,
청간정,강원특별자치도 고성군 토성면 동해대로 5110,033-631-8722,지자체 대표번호,38.26439877,128.5583736,http://tong.visitkorea.or.kr/cms/resource/16/175216_image2_1.jpg,
청간해변,강원특별자치도 고성군 토성면 청간리,033-680-3362,지자체 대표번호,38.26698306,128.551792,http://tong.visitkorea.or.kr/cms/resource/33/175233_image2_1.jpg,
초도마을,강원특별자치도 고성군 현내면 초도항길 60,033-681-5281,개별 문의처,38.48520118,128.4384801,http://tong.visitkorea.or.kr/cms/resource/26/1813626_image2_1.jpg,
초도항,강원특별자치도 고성군 현내면 초도리,033-680-3362,지자체 대표번호,38.48553457,128.4273876,,
초도해변,강원특별자치도 고성군 현내면 초도항길,033-680-3362,지자체 대표번호,38.4869367,128.4365701,http://tong.visitkorea.or.kr/cms/resource/63/175263_image2_1.jpg,
카페 테일,강원특별자치도 고성군 죽왕면 가진길 40-5,033-682-1055,개별 문의처,38.37224254,128.5088417,http://tong.visitkorea.or.kr/cms/resource/80/2592980_image2_1.jpg,
켄싱턴해변,강원특별자치도 고성군 토성면 동해대로 4800,033-680-3356,개별 문의처,38.24359084,128.5725989,,
라베니체 마치에비뉴,경기도 김포시 장기동,031-980-2114,지자체 대표번호,37.63972524,126.6713594,,
하늬라벤더팜,강원특별자치도 고성군 간성읍 꽃대마을길 175,033-681-0005,개별 문의처,38.34881363,128.4145057,http://tong.visitkorea.or.kr/cms/resource/58/2549758_image2_1.jpg,
함정균가옥,강원특별자치도 고성군 죽왕면 왕곡마을길 52,033-680-3366,지자체 대표번호,38.34132245,128.4986134,http://tong.visitkorea.or.kr/cms/resource/93/2713593_image2_1.jpg,
화암사(고성),강원특별자치도 고성군 토성면 화암사길 100,033-633-1525,개별 문의처,38.22629363,128.4711945,http://tong.visitkorea.or.kr/cms/resource/98/217598_image2_1.jpg,
토성민속마을,강원특별자치도 철원군 갈말읍 토성길 98,033-455-1204,지자체 대표번호,38.24492512,127.3430955,,
화진포(화진포호),강원특별자치도 고성군 거진읍,033-680-3677,개별 문의처,38.43613916,128.4525538,http://tong.visitkorea.or.kr/cms/resource/67/174967_image2_1.jpg,
화진포소나무숲산림욕장,강원특별자치도 고성군 거진읍 화진포길 258-115,033-680-3677,개별 문의처,38.46869896,128.4446303,http://tong.visitkorea.or.kr/cms/resource/21/2786621_image2_1.jpg,
화진포해수욕장,강원특별자치도 고성군 현내면 화진포길 386,033-680-3677,개별 문의처,38.47839396,128.4374882,http://tong.visitkorea.or.kr/cms/resource/88/2653288_image2_1.jpg,
㈜강원심층수,강원특별자치도 고성군 죽왕면 심층수길 124-19,033-638-9900,개별 문의처,38.32960734,128.5272889,http://tong.visitkorea.or.kr/cms/resource/75/2360775_image2_1.jpg,
걸포중앙공원,경기도 김포시 걸포로 80-46,031-980-2974,개별 문의처,37.63942063,126.7030358,,
경인아라뱃길유람선 현대크루즈호,경기도 김포시 고촌읍 아라육로270번길 74,032-882-5555,개별 문의처,37.59765527,126.78697,http://tong.visitkorea.or.kr/cms/resource/76/2377576_image2_1.jpeg,
금정사(김포),경기도 김포시 승가로 125,031-984-3235,개별 문의처,37.60742285,126.7085469,,
김포 대명항,경기도 김포시 대명항1로 109,031-987-2983,개별 문의처,37.63938197,126.5417355,,
김포 덕포진,경기도 김포시 대곶면 덕포진로103번길 130,031-989-9794,개별 문의처,37.649763,126.5366536,http://tong.visitkorea.or.kr/cms/resource/60/1591760_image2_1.jpg,
김포 문수산성,경기도 김포시 월곶면 포내리,031-980-2965,지자체 대표번호,37.72216581,126.5347665,,
김포 사색의 길,경기도 김포시 김포한강11로 455,031-980-2114,지자체 대표번호,37.65478247,126.6993509,http://tong.visitkorea.or.kr/cms/resource/10/2653110_image2_1.bmp,
김포 수안산성,경기도 김포시 대곶면 율생리,031-980-2483,지자체 대표번호,37.64743116,126.5898721,,
김포 장릉(인헌왕후),경기도 김포시 장릉로 79,031-984-2897,개별 문의처,37.6107519,126.7126583,http://tong.visitkorea.or.kr/cms/resource/42/2640342_image2_1.jpg,
김포국제조각공원,경기도 김포시 월곶면 용강로13번길 38,031-999-3916,개별 문의처,37.72080378,126.552204,,
김포레코파크,경기도 김포시 감암로 127,031-980-5300,개별 문의처,37.64290394,126.7093791,http://tong.visitkorea.or.kr/cms/resource/72/2736572_image2_1.jpg,추가연락가능번호 : 033-480-2230(양구군청)
김포한강야생조류생태공원,경기도 김포시 김포한강11로 455,1661-9408,개별 문의처,37.65478247,126.6993509,http://tong.visitkorea.or.kr/cms/resource/10/2653110_image2_1.bmp,
김포함상공원,경기도 김포시 대곶면 대명항1로 110-36,031-987-4097,개별 문의처,37.64252707,126.5473288,http://tong.visitkorea.or.kr/cms/resource/51/2396851_image2_1.jpg,
김포향교,경기도 김포시 북변중로25번길 38,031-980-2483,지자체 대표번호,37.62465111,126.7095613,http://tong.visitkorea.or.kr/cms/resource/91/1591691_image2_1.jpg,
대포서원(김포),경기도 김포시 양촌읍 황금로23번길 30-32,031-980-2483,지자체 대표번호,37.61361033,126.628043,,"추가연락가능번호 : 033-460-8955, 033-460-8956, 033-460-8957"
마송중앙공원,경기도 김포시 마송공원길 50,031-5186-4630,지자체 대표번호,37.6865857,126.5986673,http://tong.visitkorea.or.kr/cms/resource/91/2853091_image2_1.jpg,"추가연락가능번호 : 033-460-8955, 033-460-8956, 033-460-8957"
모담공원,경기도 김포시 전원로 43,031-980-5638,지자체 대표번호,37.64795828,126.6847207,http://tong.visitkorea.or.kr/cms/resource/30/2854730_image2_1.jpg,
문수산,경기도 김포시 월곶면 문수산로 90-19,031-988-2965,개별 문의처,37.75143295,126.5344937,http://tong.visitkorea.or.kr/cms/resource/59/2736559_image2_1.jpg,
문수산산림욕장,경기도 김포시 월곶면 문수산로 102-38,031-988-2965,개별 문의처,37.75143295,126.5344937,http://tong.visitkorea.or.kr/cms/resource/55/1589355_image2_1.jpg,
뱃길조각공원,경기도 김포시 고촌읍 신곡리,031-980-5985,지자체 대표번호,37.60129262,126.7740174,http://tong.visitkorea.or.kr/cms/resource/02/2855202_image2_1.jpg,
북변동 올드타운,경기도 김포시 북변중로65번길,031-980-2114,지자체 대표번호,37.62584267,126.7105162,http://tong.visitkorea.or.kr/cms/resource/68/2638768_image2_1.bmp,
서암체육공원,경기도 김포시 통진읍 검암2로 55,031-981-1644,개별 문의처,37.70445265,126.5959202,http://tong.visitkorea.or.kr/cms/resource/52/2773852_image2_1.png,
아라김포여객터미널,경기도 김포시 고촌읍 아라육로270번길 74,032-882-5555,개별 문의처,37.59765527,126.78697,http://tong.visitkorea.or.kr/cms/resource/76/2377576_image2_1.jpeg,
애기봉평화생태공원,경기도 김포시 하성면 평화공원로 139,031-989-7492,개별 문의처,37.74325099,126.5940678,,
용화사(김포),경기도 김포시 금포로 1487-5,031-984-3234,개별 문의처,37.64202628,126.7185116,,
우저서원,경기도 김포시 중봉로25번길 87,031-980-2483,지자체 대표번호,37.62671584,126.6939243,http://tong.visitkorea.or.kr/cms/resource/97/1591697_image2_1.jpg,
월곶면민만세운동유적비,경기도 김포시 월곶면 김포대로 2857-39,031-980-2483,지자체 대표번호,37.66173531,126.6638307,http://tong.visitkorea.or.kr/cms/resource/70/755170_image2_1.jpg,
은여울공원,경기도 김포시 김포한강8로 97,031-5186-4627,지자체 대표번호,37.63386828,126.63874,http://tong.visitkorea.or.kr/cms/resource/02/2781802_image2_1.jpeg,"추가연락가능번호 : 031-940-5282, 031-940-5283"
조강저수지,경기도 김포시 월곶면 조강리,031-980-2114,지자체 대표번호,37.75163851,126.5729578,http://tong.visitkorea.or.kr/cms/resource/47/2781947_image2_1.jpg,
태산패밀리파크,경기도 김포시 하성면 하성로 585,031-997-6868,개별 문의처,37.72436612,126.6301228,http://tong.visitkorea.or.kr/cms/resource/13/1591713_image2_1.jpg,
통진향교,경기도 김포시 월곶면 군하로 288-21,031-980-2483,지자체 대표번호,37.70919397,126.5583797,,
피싱파크 진산각,경기도 김포시 중봉로33번길 174,031-982-1500,개별 문의처,37.62656518,126.6897796,,
포충사(철원),강원특별자치도 철원군 철원읍 화지리,033-450-5151,지자체 대표번호,38.22381303,127.2110937,,
한강신도시호수공원,경기도 김포시 김포한강8로 302,031-980-5638,지자체 대표번호,37.64518843,126.6350124,http://tong.visitkorea.or.kr/cms/resource/59/2781959_image2_1.jpeg,
한강중앙공원,경기도 김포시 초당로 40,031-5186-4639,지자체 대표번호,37.64223199,126.6738412,http://tong.visitkorea.or.kr/cms/resource/83/2781983_image2_1.jpeg,
한재당,경기도 김포시 하성면 가금로111번길 107,031-980-2483,지자체 대표번호,37.74815164,126.608598,http://tong.visitkorea.or.kr/cms/resource/26/1591726_image2_1.jpg,
광치계곡,강원특별자치도 양구군 남면,033-482-3115,개별 문의처,38.10847813,128.03457,http://tong.visitkorea.or.kr/cms/resource/77/2566477_image2_1.jpg,
국토정중앙천문대,강원특별자치도 양구군 국토정중앙면 국토정중앙로 127,033-480-7257,개별 문의처,38.06783774,128.0322904,http://tong.visitkorea.or.kr/cms/resource/46/1583246_image2_1.jpg,
도솔산 해병대전투전적지,강원특별자치도 양구군 해안면,033-480-2251,지자체 대표번호,38.28516849,128.1371247,,
두무리산촌생태마을,강원특별자치도 양구군 국토정중앙면 두무리 산12,033-481-9952,개별 문의처,38.05815495,128.06418,http://tong.visitkorea.or.kr/cms/resource/23/2793223_image2_1.jpg,
두타연 (국가지질공원),강원특별자치도 양구군 방산면 두타연로 297,033-480-7266,개별 문의처,38.24674658,127.9816847,http://tong.visitkorea.or.kr/cms/resource/15/2668215_image2_1.jpg,
두타연 평화누리길,강원특별자치도 양구군 방산면,033-480-2251,지자체 대표번호,38.20906119,127.9493891,http://tong.visitkorea.or.kr/cms/resource/53/2953253_image2_1.jpg,
백석산지구 전투전적비,강원특별자치도 양구군 방산면 송현리 233,033-480-2251,지자체 대표번호,38.22979752,127.9615282,http://tong.visitkorea.or.kr/cms/resource/48/2668048_image2_1.jpg,
비봉산(양구),강원특별자치도 양구군 양구읍,033-480-2251,지자체 대표번호,38.10804053,127.9904304,,
사명산,강원특별자치도 양구군 양구읍 월명리,033-480-2251,지자체 대표번호,38.10360445,127.9241034,http://tong.visitkorea.or.kr/cms/resource/96/2566496_image2_1.jpg,
산양증식복원센터,강원특별자치도 양구군 동면 펀치볼로 266-60,033-480-2665,개별 문의처,38.24930406,128.0965773,,
소양호(양구),강원특별자치도 양구군 양구읍 석현리,033-480-2251,지자체 대표번호,38.04103041,127.9695195,http://tong.visitkorea.or.kr/cms/resource/71/176171_image2_1.jpg,
소지섭길,강원특별자치도 양구군 방산면 두타연로 8,033-480-2251,지자체 대표번호,38.22685762,127.9837077,http://tong.visitkorea.or.kr/cms/resource/03/2566503_image2_1.jpg,
수입천(하천),강원특별자치도 양구군 방산면 건솔리,033-480-2251,지자체 대표번호,38.26972598,127.9799889,http://tong.visitkorea.or.kr/cms/resource/70/172170_image2_1.jpg,
양구 국토정중앙배꼽마을,강원특별자치도 양구군 남면 봉화산로 425,033-481-2011,개별 문의처,38.07177712,128.0231636,http://tong.visitkorea.or.kr/cms/resource/69/2494869_image2_1.jpg,
양구 수목원,강원특별자치도 양구군 동면 숨골로310번길 131,033-480-7391,개별 문의처,38.18997415,128.0740303,,
양구 펀치볼마을,강원특별자치도 양구군 해안면 동막동길 50-3,033-481-2648,개별 문의처,38.29370147,128.1197529,http://tong.visitkorea.or.kr/cms/resource/22/1841522_image2_1.jpg,
양구 해시계,강원특별자치도 양구군 양구읍 중앙길 53,033-480-2251,지자체 대표번호,38.10505969,127.9893395,http://tong.visitkorea.or.kr/cms/resource/73/2566573_image2_1.jpg,
양구군민공원,강원특별자치도 양구군 양구읍 양남로7번길 13,033-481-2191,개별 문의처,38.10607614,127.9909658,http://tong.visitkorea.or.kr/cms/resource/21/2566521_image2_1.jpg,
양구근현대사박물관,강원특별자치도 양구군 양구읍 금강산로 439-51,033-480-7221,개별 문의처,38.16335848,128.0132597,http://tong.visitkorea.or.kr/cms/resource/31/2566531_image2_1.jpg,
양구꽃섬,강원특별자치도 양구군 양구읍 함춘로 116,033-480-7381,개별 문의처,38.11831682,127.9890125,http://tong.visitkorea.or.kr/cms/resource/02/2921402_image2_1.jpg,
양구돌산령지게놀이 전수관,강원특별자치도 양구군 양구읍 비봉로 69,033-480-2251,지자체 대표번호,38.10818256,127.9869125,http://tong.visitkorea.or.kr/cms/resource/41/2566541_image2_1.jpg,
양구백토,강원특별자치도 양구군 방산면 평화로 5182,033-480-2655,개별 문의처,38.20727018,127.9514018,http://tong.visitkorea.or.kr/cms/resource/19/2616519_image2_1.bmp,
양구향교,강원특별자치도 양구군 양구읍 관공서로16번길 5-4,033-480-2251,지자체 대표번호,38.10749577,127.991134,http://tong.visitkorea.or.kr/cms/resource/90/172190_image2_1.jpg,추가연락가능번호 : 033-480-2230(양구군청)
오미마을,강원특별자치도 양구군 방산면 평화로 4818,033-481-6403,개별 문의처,38.18857473,127.922775,http://tong.visitkorea.or.kr/cms/resource/49/2632949_image2_1.bmp,
용머리 공원,강원특별자치도 양구군 양구읍,033-480-2251,지자체 대표번호,38.10804053,127.9904304,,
을지전망대,강원특별자치도 양구군 해안면 후리 621,033-480-2251,지자체 대표번호,38.2901903,128.1453595,http://tong.visitkorea.or.kr/cms/resource/91/2659891_image2_1.jpg,
전기필불망비,강원특별자치도 양구군 남면,033-480-2251,지자체 대표번호,38.10847813,128.03457,http://tong.visitkorea.or.kr/cms/resource/77/2566477_image2_1.jpg,"추가연락가능번호 : 033-460-8955, 033-460-8956, 033-460-8957"
제4땅굴,강원특별자치도 양구군 해안면 이현리,033-480-2251,지자체 대표번호,38.3093359,128.1278343,,"추가연락가능번호 : 033-460-8955, 033-460-8956, 033-460-8957"
직연폭포,강원특별자치도 양구군 방산면 장평리,033-480-7204,개별 문의처,38.21111919,127.9687438,,
청춘양구레포츠공원,강원특별자치도 양구군 양구읍 박수근로 366-24,033-480-2586,개별 문의처,38.09207092,127.9840759,,
파로호(양구),강원특별자치도 양구군 양구읍 하리 545,033-480-2251,지자체 대표번호,38.12746056,127.9839603,http://tong.visitkorea.or.kr/cms/resource/51/2653651_image2_1.jpg,
파서탕,강원특별자치도 양구군 방산면 오미리,033-480-2251,지자체 대표번호,38.18908999,127.9094216,http://tong.visitkorea.or.kr/cms/resource/98/2566598_image2_1.jpg,
팔효자각,강원특별자치도 양구군 양구읍 송청리,033-480-2251,지자체 대표번호,38.09366109,127.998681,http://tong.visitkorea.or.kr/cms/resource/38/172238_image2_1.jpg,
펀치볼지구전투전적비,강원특별자치도 양구군 동면 팔랑리,033-480-2251,지자체 대표번호,38.21939892,128.0834545,,
피의능선전투전적비,강원특별자치도 양구군 동면 월운리,033-480-2251,지자체 대표번호,38.23711934,128.0324247,,
필리핀군 전투전적비,강원특별자치도 양구군 남면,033-480-2251,지자체 대표번호,38.10847813,128.03457,http://tong.visitkorea.or.kr/cms/resource/77/2566477_image2_1.jpg,
한반도섬,강원특별자치도 양구군 양구읍 한반도섬길 76,033-480-7267,개별 문의처,38.13061419,127.9827628,,
한반도섬 자연습지,강원특별자치도 양구군 양구읍 한반도섬길 76,033-480-7267,개별 문의처,38.13061419,127.9827628,,
한반도섬전망대,강원특별자치도 양구군 양구읍 동수리 산1-1,033-480-7267,개별 문의처,38.12858472,127.9709411,,
해안분지 (국가지질공원),강원특별자치도 양구군 해안면 해안서화로 35,033-480-2251,지자체 대표번호,38.29008473,128.1455706,http://tong.visitkorea.or.kr/cms/resource/37/2616537_image2_1.bmp,"추가연락가능번호 : 031-940-5282, 031-940-5283"
후곡약수터,강원특별자치도 양구군 동면 후곡리,033-480-2251,지자체 대표번호,38.16948851,128.0552599,http://tong.visitkorea.or.kr/cms/resource/14/1841514_image2_1.jpg,
DMZ산림두드림센터,강원특별자치도 양구군 양구읍 박수근로 367,033-481-9034,개별 문의처,38.10408196,127.9812944,,
DMZ펀치볼둘레길,강원특별자치도 양구군 해안서화로 23,033-481-8588,개별 문의처,38.29055602,128.1441802,http://tong.visitkorea.or.kr/cms/resource/21/1841521_image2_1.jpg,
고대산,경기도 연천군 신서면,031-834-2200,개별 문의처,38.18296678,127.1070379,http://tong.visitkorea.or.kr/cms/resource/97/1859997_image2_1.jpg,
동아실계곡,강원특별자치도 인제군 남면 남전리,033-460-2170,지자체 대표번호,38.00639409,128.1578082,,
그리팅맨,경기도 연천군 군남면 옥계리,031-839-2061,지자체 대표번호,38.11748555,127.0457099,http://tong.visitkorea.or.kr/cms/resource/60/2841260_image2_1.jpg,
당포성,경기도 연천군 미산면 동이리 778,031-839-2144,지자체 대표번호,38.02350322,126.9854183,http://tong.visitkorea.or.kr/cms/resource/19/2369319_image2_1.jpg,
동막골 응회암,경기도 연천군 연천읍 동막리,031-839-2144,지자체 대표번호,38.10473942,127.1107136,http://tong.visitkorea.or.kr/cms/resource/48/2616248_image2_1.bmp,
동막골유황천,경기도 연천군 연천읍 동막로25번길 181,031-834-7000,개별 문의처,38.08947709,127.0810508,http://tong.visitkorea.or.kr/cms/resource/37/2735337_image2_1.JPG,
들꽃가람농장,경기도 연천군 전곡읍 청연로 192,,개별 문의처,38.04553486,127.1117156,,
모아베리교육농장,경기도 연천군 황지로55번길 45-1,031-835-7975,개별 문의처,38.03303578,127.0380917,http://tong.visitkorea.or.kr/cms/resource/01/2966301_image2_1.jpg,
백의리층,경기도 연천군 연천읍 고문리 212,031-839-2144,지자체 대표번호,38.06255344,127.1204621,http://tong.visitkorea.or.kr/cms/resource/88/2616488_image2_1.bmp,
상승OP(제1땅굴),경기도 연천군 백학면 백령리,031-839-2144,지자체 대표번호,38.04124567,126.9050024,http://tong.visitkorea.or.kr/cms/resource/30/2007030_image2_1.JPG,
새둥지마을,경기도 연천군 백학면 노아로491번길 86,031-835-7345,개별 문의처,38.00638302,126.9599522,http://tong.visitkorea.or.kr/cms/resource/02/2632702_image2_1.bmp,
승전OP,경기도 연천군 장남면 고랑포리,031-839-2144,지자체 대표번호,37.98463819,126.8308177,http://tong.visitkorea.or.kr/cms/resource/48/2563648_image2_1.jpg,
신탄리역,경기도 연천군 신서면 고대산길 4,031-834-8887,개별 문의처,38.21280532,127.1389751,http://tong.visitkorea.or.kr/cms/resource/42/2566642_image2_1.jpg,
애심목장,경기도 연천군 연천읍 와초길 10-36,031-834-3601,개별 문의처,38.14286403,127.0926159,http://tong.visitkorea.or.kr/cms/resource/76/1937676_image2_1.jpg,
역고드름,경기도 연천군 신서면 평화로 3282-76,031-839-2144,지자체 대표번호,38.11576125,127.089958,http://tong.visitkorea.or.kr/cms/resource/76/2735276_image2_1.jpg,
연강갤러리,경기도 연천군 중면 군중로 885,031-839-2066,개별 문의처,38.11788266,126.9871144,http://tong.visitkorea.or.kr/cms/resource/52/2566652_image2_1.jpg,
연천 경순왕릉,경기도 연천군 장남면 장남로 288,031-839-2143,개별 문의처,37.99070771,126.8428012,http://tong.visitkorea.or.kr/cms/resource/23/1049223_image2_1.jpg,
연천 나룻배마을,경기도 연천군 왕징면 북삼로 98,031-833-5005,개별 문의처,38.0955822,127.0036873,,
연천 숭의전지,경기도 연천군 미산면 숭의전로 382-27,031-839-2143,개별 문의처,38.02232177,126.9604694,http://tong.visitkorea.or.kr/cms/resource/45/2481845_image2_1.jpg,
연천 옥계마을,경기도 연천군 군남면 군중로 36-10,031-835-2550,개별 문의처,38.13365416,127.00102,http://tong.visitkorea.or.kr/cms/resource/62/2481862_image2_1.jpg,
리빙스턴교,강원특별자치도 인제군 인제읍 합강리,033-460-2080,지자체 대표번호,38.08963399,128.1793047,,
연천 초성김치마을,경기도 연천군 청산면 평화로 209,031-835-0381,개별 문의처,37.99296794,127.069111,http://tong.visitkorea.or.kr/cms/resource/74/626574_image2_1.jpg,
연천 호로고루,경기도 연천군 장남면 원당리,031-839-2144,지자체 대표번호,37.98547211,126.8786975,http://tong.visitkorea.or.kr/cms/resource/76/2481876_image2_1.jpg,
연천로하스파크,경기도 연천군 군남면 군중로 134,031-839-4099,개별 문의처,38.13103775,127.0450572,http://tong.visitkorea.or.kr/cms/resource/52/2735352_image2_1.JPG,
연천양조장,경기도 연천군 삼왕로 240,031-833-3775,개별 문의처,38.08330689,127.0414886,http://tong.visitkorea.or.kr/cms/resource/62/2966162_image2_1.jpg,
연천역 급수탑,경기도 연천군 연천읍 연천로 273-7,031-839-2144,지자체 대표번호,38.09483197,127.0737681,http://tong.visitkorea.or.kr/cms/resource/62/2566662_image2_1.jpg,추가연락가능번호 : 033-480-2230(양구군청)
연천전곡리유적,경기도 연천군 연천읍 양연로 1510,031-839-2561,개별 문의처,38.01564838,127.0614526,http://tong.visitkorea.or.kr/cms/resource/35/2927035_image2_1.jpg,
연천향교,경기도 연천군 연천읍 지혜로117번길 20,031-839-2144,지자체 대표번호,38.09630253,127.0688774,,
열두개울,경기도 연천군 청산면 청신로 345,031-839-2144,지자체 대표번호,37.98809101,127.0937273,,
열쇠전망대,경기도 연천군 신서면 동내로 1375-1,031-839-2144,지자체 대표번호,38.1225746,127.1318239,http://tong.visitkorea.or.kr/cms/resource/91/2481891_image2_1.jpg,"추가연락가능번호 : 033-460-8955, 033-460-8956, 033-460-8957"
은대리 판상절리와 습곡구조,경기도 연천군 전곡읍 은대리,031-839-2144,지자체 대표번호,38.04624779,127.0688515,http://tong.visitkorea.or.kr/cms/resource/97/2616497_image2_1.bmp,"추가연락가능번호 : 033-460-8955, 033-460-8956, 033-460-8957"
임장서원,경기도 연천군 연천읍 동막로25번길 170,031-839-2565,지자체 대표번호,38.09262253,127.0811984,http://tong.visitkorea.or.kr/cms/resource/32/2717732_image2_1.jpg,
임진강 주상절리,경기도 연천군 미산면 동이리,031-839-2144,지자체 대표번호,38.01563649,127.0021045,http://tong.visitkorea.or.kr/cms/resource/83/2566683_image2_1.jpg,
임진강댑싸리공원,경기도 연천군 중면 삼곶리,031-839-2709,지자체 대표번호,38.13701387,127.0187433,http://tong.visitkorea.or.kr/cms/resource/18/2841218_image2_1.jpg,
임진강평화습지원,경기도 연천군 중면 횡산리 224,031-839-2061,지자체 대표번호,38.11896773,126.9872614,http://tong.visitkorea.or.kr/cms/resource/54/2563654_image2_1.jpg,
자유로CC,경기도 연천군 백학면 노아로297번길 179-55,031-832-7022,개별 문의처,37.99280703,126.9529699,http://tong.visitkorea.or.kr/cms/resource/27/2754427_image2_1.jpg,
재인폭포,경기도 연천군 연천읍 부곡리 192,031-839-2144,지자체 대표번호,38.07712892,127.1426931,,
재인폭포 출렁다리,경기도 연천군 연천읍 고문리,031-839-2144,지자체 대표번호,38.07224104,127.1150454,http://tong.visitkorea.or.kr/cms/resource/38/2843938_image2_1.jpg,
전곡리 유적 토층,경기도 연천군 전곡읍 양연로 1510,031-839-2561,개별 문의처,38.01564838,127.0614526,http://tong.visitkorea.or.kr/cms/resource/60/2616260_image2_1.bmp,
전곡역,경기도 연천군 전곡읍 전곡역로 75,1588-7788,개별 문의처,38.0245936,127.0713335,http://tong.visitkorea.or.kr/cms/resource/92/2690592_image2_1.jpg,
조선왕가,경기도 연천군 연천읍 현문로 339-10,031-834-4343,개별 문의처,38.06266975,127.1060662,http://tong.visitkorea.or.kr/cms/resource/49/2482749_image2_1.jpg,
좌상바위,경기도 연천군 전곡읍 신답리,031-839-2144,지자체 대표번호,38.04844414,127.1013459,http://tong.visitkorea.or.kr/cms/resource/93/2616493_image2_1.bmp,
태풍전망대,경기도 연천군 중면 횡산리,031-839-2144,지자체 대표번호,38.12293335,126.9753072,,"추가연락가능번호 : 031-940-5282, 031-940-5283"
푸르내마을,경기도 연천군 청산면 청연로 30-62,031-833-5299,개별 문의처,38.04781293,127.1101845,http://tong.visitkorea.or.kr/cms/resource/22/2566722_image2_1.jpg,
한반도통일미래센터,경기도 연천군 전곡읍 남계로 408,031-956-8500,개별 문의처,38.00165085,127.008114,http://tong.visitkorea.or.kr/cms/resource/32/2566732_image2_1.jpg,
한탄강 관광지,경기도 연천군 전곡읍 선사로 76,031-833-0030,개별 문의처,38.00887699,127.0588604,,
한탄강어린이교통랜드,경기도 연천군 전곡읍 선사로 14-71,031-833-0514,개별 문의처,38.01086977,127.0729606,http://tong.visitkorea.or.kr/cms/resource/17/2754017_image2_1.jpg,
허브빌리지,경기도 연천군 왕징면 북삼로20번길 55,031-833-5100,개별 문의처,38.0887061,127.004881,http://tong.visitkorea.or.kr/cms/resource/39/2393439_image2_1.jpg,
1.21 무장공비 침투로,경기도 연천군 장남면 반정리 294,031-839-2144,지자체 대표번호,37.9701838,126.8280738,http://tong.visitkorea.or.kr/cms/resource/72/2690272_image2_1.jpg,
38선마을,경기도 연천군 백학면 노곡로42번길 5,031-835-1124,개별 문의처,37.99531516,126.9236471,http://tong.visitkorea.or.kr/cms/resource/87/2690587_image2_1.jpg,
가야동계곡,강원특별자치도 인제군 북면 용대리,033-460-2080,지자체 대표번호,38.18965515,128.3629891,,
가족올래 하추리마을,강원특별자치도 인제군 인제읍 하추로 187,070-4404-4481,개별 문의처,38.01962892,128.2817802,http://tong.visitkorea.or.kr/cms/resource/24/2633024_image2_1.bmp,
고로쇠마을(미산마을),강원특별자치도 인제군 상남면 미산리,033-463-9036,개별 문의처,37.86185937,128.3388431,http://tong.visitkorea.or.kr/cms/resource/87/1671387_image2_1.jpg,
고원통계곡,강원특별자치도 인제군 서화면 서흥리,033-460-2080,지자체 대표번호,38.2050955,128.2339967,http://tong.visitkorea.or.kr/cms/resource/15/182115_image2_1.jpg,
광주동솔밭,강원특별자치도 인제군 상남면 하남리 882,033-460-2080,지자체 대표번호,37.89922039,128.2762699,http://tong.visitkorea.or.kr/cms/resource/18/1842018_image2_1.jpg,
구만동계곡,강원특별자치도 인제군 북면 용대리,033-460-2080,지자체 대표번호,38.18965515,128.3629891,,
기린성당,강원특별자치도 인제군 기린면 기린로42번길 9-5,033-463-5104,개별 문의처,37.95525155,128.318672,,
남전약수,강원특별자치도 인제군 남면 남전리 산 145 일원,033-460-2080,지자체 대표번호,38.02737105,128.135426,http://tong.visitkorea.or.kr/cms/resource/18/182118_image2_1.jpg,
내린천 포트홀,강원특별자치도 인제군 기린면 북리,033-460-2080,지자체 대표번호,37.99573414,128.315819,http://tong.visitkorea.or.kr/cms/resource/66/2616266_image2_1.bmp,
내심적계곡,강원특별자치도 인제군 서화면 심적리,033-460-2080,지자체 대표번호,38.24234107,128.1618882,http://tong.visitkorea.or.kr/cms/resource/68/1841968_image2_1.jpg,
대승령과 대승폭포,강원특별자치도 인제군 북면 설악로,033-636-7700,개별 문의처,38.09528967,128.180711,http://tong.visitkorea.or.kr/cms/resource/70/2616970_image2_1.jpg,
대암산 용늪,강원특별자치도 인제군 북면 월학리,033-461-2998,개별 문의처,38.16207192,128.1759479,,
만해마을,강원특별자치도 인제군 북면 만해로 91,033-462-2303,개별 문의처,38.18754641,128.3181283,http://tong.visitkorea.or.kr/cms/resource/54/2601654_image2_1.jpg,
방동계곡,강원특별자치도 인제군 기린면 현리,033-460-2080,지자체 대표번호,37.95295644,128.3145776,http://tong.visitkorea.or.kr/cms/resource/52/1841952_image2_1.jpg,
방동약수,강원특별자치도 인제군 기린면 방동약수로 89-59,033-460-2080,지자체 대표번호,37.92747329,128.4433918,http://tong.visitkorea.or.kr/cms/resource/41/598341_image2_1.jpg,
방태산,강원특별자치도 인제군 기린면 방태산길,033-463-8590,개별 문의처,37.92873642,128.3892301,http://tong.visitkorea.or.kr/cms/resource/20/2720520_image2_1.jpg,
백골병단전적비,강원특별자치도 인제군 북면 용대리 182-16,033-460-2080,지자체 대표번호,38.18965515,128.3629891,,
백담계곡,강원특별자치도 인제군 북면 백담로 150,033-460-2080,지자체 대표번호,38.19198922,128.3573833,http://tong.visitkorea.or.kr/cms/resource/07/769207_image2_1.jpg,
백담마을,강원특별자치도 인제군 북면 만해로 410-17,033-462-4608,개별 문의처,38.19265,128.3245519,http://tong.visitkorea.or.kr/cms/resource/00/2631000_image2_1.bmp,
백담사,강원특별자치도 인제군 백담로 746 백담사,033-462-6969,개별 문의처,38.16430447,128.3741193,http://tong.visitkorea.or.kr/cms/resource/44/2675244_image2_1.jpg,
백운동계곡(설악산),강원특별자치도 인제군 북면 백담로,033-462-2554,개별 문의처,38.1789612,128.3702157,,추가연락가능번호 : 033-480-2230(양구군청)
봉정암(인제),강원특별자치도 인제군 북면 백담로 1700,033-632-5933,개별 문의처,38.12825547,128.4477668,http://tong.visitkorea.or.kr/cms/resource/51/1966651_image2_1.jpg,
비밀의정원,강원특별자치도 인제군 남면 갑둔리 산 122-3,033-460-2080,지자체 대표번호,37.92102494,128.1325291,http://tong.visitkorea.or.kr/cms/resource/87/2801787_image2_1.jpg,
설악산국립공원(내설악),강원특별자치도 인제군 북면,033-801-0900,개별 문의처,38.12467046,128.2041725,http://tong.visitkorea.or.kr/cms/resource/43/780843_image2_1.jpg,
설피마을,강원특별자치도 인제군 기린면 설피밭길 434,033-460-2170,개별 문의처,38.01868402,128.4746611,http://tong.visitkorea.or.kr/cms/resource/89/209289_image2_1.jpg,"추가연락가능번호 : 033-460-8955, 033-460-8956, 033-460-8957"
소승폭포,강원특별자치도 인제군 북면 설악로,033-801-0900,개별 문의처,38.09528967,128.180711,http://tong.visitkorea.or.kr/cms/resource/70/2616970_image2_1.jpg,"추가연락가능번호 : 033-460-8955, 033-460-8956, 033-460-8957"
십이선녀탕(탕수동계곡),강원특별자치도 인제군 북면 십이선녀탕길,033-801-0900,개별 문의처,38.18313757,128.3010251,http://tong.visitkorea.or.kr/cms/resource/12/1583412_image2_1.jpg,
아침가리계곡,강원특별자치도 인제군 기린면 추대길 58,033-461-2122,개별 문의처,37.96552849,128.3988844,http://tong.visitkorea.or.kr/cms/resource/46/2393446_image2_1.jpg,
연가리계곡,강원특별자치도 인제군 기린면,033-460-2080,지자체 대표번호,37.95560384,128.3191895,,
옥녀탕,강원특별자치도 인제군 북면 설악로,033-463-5292,개별 문의처,38.09528967,128.180711,http://tong.visitkorea.or.kr/cms/resource/70/2616970_image2_1.jpg,
용대 매바위 인공폭포,강원특별자치도 인제군 북면 용대리,033-462-4805,개별 문의처,38.18965515,128.3629891,,
용소폭포,강원특별자치도 인제군 상남면 상남리 산357-1,033-460-2080,지자체 대표번호,37.88251584,128.2474162,,
인제 냇강마을,강원특별자치도 인제군 남면 냇강마을안길 248,070-8832-5959,개별 문의처,38.13451405,128.1935235,http://tong.visitkorea.or.kr/cms/resource/68/604768_image2_1.jpg,
인제 미산리 개인약수,강원특별자치도 인제군 상남면 미산리 산1 일원,033-460-2082,개별 문의처,37.86670348,128.3852853,,
인제 하늘여울소치마을,강원특별자치도 인제군 남면 부평정자로 744,033-463-8680,개별 문의처,37.95956541,128.1303659,,
인제 하추마을,강원특별자치도 인제군 인제읍 하추로 187,033-461-4481,개별 문의처,38.01962892,128.2817802,http://tong.visitkorea.or.kr/cms/resource/24/2633024_image2_1.bmp,"추가연락가능번호 : 031-940-5282, 031-940-5283"
인제 황태마을,강원특별자치도 인제군 북면 진부령로 307,033-462-4805,개별 문의처,38.23552988,128.3610723,http://tong.visitkorea.or.kr/cms/resource/94/209294_image2_1.jpg,
인제한계사지,강원특별자치도 인제군 북면 한계리,033-460-2080,지자체 대표번호,38.12877225,128.325544,,
인제향교,강원특별자치도 인제군 인제읍 인제로231번길 14,033-460-2080,지자체 대표번호,38.07181932,128.1746219,http://tong.visitkorea.or.kr/cms/resource/04/1694304_image2_1.jpg,
장수대,강원특별자치도 인제군 북면 설악로 4193,033-463-3476,개별 문의처,38.11941797,128.3418968,http://tong.visitkorea.or.kr/cms/resource/08/1583408_image2_1.jpg,
진동 계곡마을,강원특별자치도 인제군 기린면 조침령로 1071-1,033-463-8347,개별 문의처,37.96463167,128.4140721,,
진동계곡,강원특별자치도 인제군 기린면 진동리,033-460-2080,지자체 대표번호,37.99721079,128.4421722,,
청정조각공원,강원특별자치도 인제군 남면 설악로 10,033-460-2080,지자체 대표번호,37.9164726,128.0592593,,
추대계곡,강원특별자치도 인제군 기린면 방동리,033-460-2080,지자체 대표번호,37.92512794,128.4075905,http://tong.visitkorea.or.kr/cms/resource/59/1841959_image2_1.jpg,
필례GE온천,강원특별자치도 인제군 인제읍 필례약수길 72,033-463-5000,개별 문의처,38.07649094,128.3697266,http://tong.visitkorea.or.kr/cms/resource/59/2776959_image2_1.jpeg,
하추리계곡,강원특별자치도 인제군 인제읍 하추리,033-460-2080,지자체 대표번호,38.03150383,128.2883495,http://tong.visitkorea.or.kr/cms/resource/56/2607556_image2_1.jpg,
하추리산촌마을,강원특별자치도 인제군 인제읍 하추로 187,033-461-4481,개별 문의처,38.01962892,128.2817802,http://tong.visitkorea.or.kr/cms/resource/24/2633024_image2_1.bmp,
하추자연휴양림,강원특별자치도 인제군 인제읍 하추로 686,033-461-0056,개별 문의처,38.03469368,128.3193065,http://tong.visitkorea.or.kr/cms/resource/82/2800782_image2_1.JPG,
한국DMZ평화생명동산,강원특별자치도 인제군 서화면 금강로 1630,033-463-5155,개별 문의처,38.24059464,128.2082276,http://tong.visitkorea.or.kr/cms/resource/40/2617240_image2_1.jpg,
합강정,강원특별자치도 인제군 인제읍 설악로 2254,033-460-2080,지자체 대표번호,38.07760678,128.1861031,http://tong.visitkorea.or.kr/cms/resource/39/2870439_image2_1.jpg,
고 석,강원특별자치도 철원군 한탄강길 208,033-450-5255,지자체 대표번호,38.20344472,127.2700363,,
경기미래교육 파주캠퍼스,경기도 파주시 탄현면 얼음실로 40,031-956-2000,개별 문의처,37.78444957,126.7026304,,
고석정 꽃밭,강원특별자치도 철원군 태봉로 1769,033-450-5255,지자체 대표번호,38.18822732,127.2955062,http://tong.visitkorea.or.kr/cms/resource/89/2749189_image2_1.JPG,
고석정국민관광지,강원특별자치도 철원군 동송읍 태봉로 1825,033-450-5558,개별 문의처,38.18542141,127.2874037,http://tong.visitkorea.or.kr/cms/resource/99/2567099_image2_1.jpg,
고석정코스모스십리길,강원특별자치도 철원군 동송읍 장흥리 1-3,033-450-5255,지자체 대표번호,38.20067028,127.2710318,http://tong.visitkorea.or.kr/cms/resource/34/2776934_image2_1.jpg,
구 철원제일교회,강원특별자치도 철원군 철원읍 금강산로 319,033-450-5255,지자체 대표번호,38.2503407,127.2034279,http://tong.visitkorea.or.kr/cms/resource/79/2034679_image2_1.jpg,
구은사,강원특별자치도 철원군 근남면 호국로 7003-23,033-450-5520,지자체 대표번호,38.23172767,127.3515191,,
국립 복주산자연휴양림,강원특별자치도 철원군 근남면 하오재로 818,033-458-9426,개별 문의처,38.14376024,127.4732551,http://tong.visitkorea.or.kr/cms/resource/60/582660_image2_1.jpg,
군탄공원과 전역비,강원특별자치도 철원군 갈말읍 호국로 4914-27,033-450-5255,지자체 대표번호,38.23172767,127.3515191,http://tong.visitkorea.or.kr/cms/resource/06/2567106_image2_1.jpg,
금강산전기철도교량,강원특별자치도 철원군 철원읍 평화로 3591,033-450-5255,지자체 대표번호,38.25745254,127.16629,http://tong.visitkorea.or.kr/cms/resource/40/2385040_image2_1.jpg,
금연저수지,강원특별자치도 철원군 동송읍 오지리,033-450-5151,지자체 대표번호,38.17751131,127.231695,http://tong.visitkorea.or.kr/cms/resource/27/2567127_image2_1.jpg,
김응하장군 묘비,강원특별자치도 철원군 철원읍 화지리 산 1-1,033-450-5255,지자체 대표번호,38.22454264,127.2066475,,
김화군민 망향탑,강원특별자치도 철원군 근남면 사곡리,033-450-5255,지자체 대표번호,38.25627414,127.4748752,http://tong.visitkorea.or.kr/cms/resource/36/2567136_image2_1.jpg,
담터계곡,강원특별자치도 철원군 동송읍,033-450-5255,지자체 대표번호,38.20721652,127.2081914,http://tong.visitkorea.or.kr/cms/resource/28/1135528_image2_1.jpg,
대교천 현무암 협곡,강원특별자치도 철원군 동송읍 장흥리,033-450-5255,지자체 대표번호,38.20067028,127.2710318,http://tong.visitkorea.or.kr/cms/resource/59/2616459_image2_1.bmp,
도피안사(철원),강원특별자치도 철원군 동송읍 도피동길 23,033-455-2471,개별 문의처,38.24034096,127.2183416,,추가연락가능번호 : 033-480-2230(양구군청)
동송저수지,강원특별자치도 철원군 동송읍 강산리,033-450-5559,지자체 대표번호,38.30846633,127.2617782,http://tong.visitkorea.or.kr/cms/resource/55/2567155_image2_1.jpg,
두루미평화마을,강원특별자치도 철원군 철원읍 묘장로 301,033-455-2300,개별 문의처,38.26482352,127.1691859,http://tong.visitkorea.or.kr/cms/resource/63/2567163_image2_1.jpg,
두루웰 자연휴양림,강원특별자치도 철원군 갈말읍 지경1길 69,033-450-5198,개별 문의처,38.22798722,127.3532428,,
매월대폭포,강원특별자치도 철원군 근남면 잠곡리 222-5,033-450-5255,지자체 대표번호,38.16367858,127.4745021,http://tong.visitkorea.or.kr/cms/resource/82/2567182_image2_1.jpg,"추가연락가능번호 : 033-460-8955, 033-460-8956, 033-460-8957"
미수복지구 망배단,강원특별자치도 철원군 철원읍 외촌리 331,033-450-5255,지자체 대표번호,38.2808642,127.2022332,http://tong.visitkorea.or.kr/cms/resource/99/2567199_image2_1.jpg,
바위그늘유적,강원특별자치도 철원군 갈말읍 군탄리,033-450-5255,지자체 대표번호,38.15518268,127.3018056,http://tong.visitkorea.or.kr/cms/resource/06/2567206_image2_1.jpg,
토교저수지(철새도래지),강원특별자치도 철원군 동송읍 양지길 117,033-450-5255,지자체 대표번호,38.27100125,127.2893498,http://tong.visitkorea.or.kr/cms/resource/86/2567786_image2_1.jpg,
삼부연폭포,강원특별자치도 철원군 갈말읍 신철원리,033-450-5255,지자체 대표번호,38.12376455,127.3419112,http://tong.visitkorea.or.kr/cms/resource/38/1750438_image2_1.jpg,
삽슬봉(아이스크림 고지),강원특별자치도 철원군 동송읍 양지리 산 31,033-450-5255,지자체 대표번호,38.26556942,127.2610121,http://tong.visitkorea.or.kr/cms/resource/25/2567225_image2_1.jpg,
소이산,강원특별자치도 철원군 철원읍 관전리,033-450-5255,지자체 대표번호,38.24978157,127.2021986,,
소이산 생태숲 녹색길,강원특별자치도 철원군 철원읍 금강산로 265,033-450-5255,지자체 대표번호,38.25520094,127.202001,http://tong.visitkorea.or.kr/cms/resource/06/2034706_image2_1.jpg,
송대소주상절리,강원특별자치도 철원군 동송읍 장흥리,033-450-5255,지자체 대표번호,38.20067028,127.2710318,http://tong.visitkorea.or.kr/cms/resource/59/2616459_image2_1.bmp,
순담계곡,강원특별자치도 철원군 갈말읍 순담길 143-3,033-452-5353,개별 문의처,38.17746176,127.2967934,http://tong.visitkorea.or.kr/cms/resource/22/1136222_image2_1.jpg,
쉬리공원,강원특별자치도 철원군 김화읍 청양리,033-450-5255,지자체 대표번호,38.23522512,127.3856252,http://tong.visitkorea.or.kr/cms/resource/78/2915978_image2_1.JPG,
쉬리마을,강원특별자치도 철원군 김화읍 김화로 633-17,033-458-3688,개별 문의처,38.2523453,127.3902053,http://tong.visitkorea.or.kr/cms/resource/62/2609762_image2_1.jpg,
승리전망대,강원특별자치도 철원군 근동면 광삼리,033-450-5255,지자체 대표번호,38.30098819,127.5187411,http://tong.visitkorea.or.kr/cms/resource/78/1136378_image2_1.jpg,"추가연락가능번호 : 031-940-5282, 031-940-5283"
승일교,강원특별자치도 철원군 갈말읍 내대리,033-450-5255,지자체 대표번호,38.20111507,127.3000315,http://tong.visitkorea.or.kr/cms/resource/61/2777861_image2_1.jpg,
심원사(철원),강원특별자치도 철원군 동송읍 상노1길 58,033-455-3468,개별 문의처,38.16288655,127.2494931,http://tong.visitkorea.or.kr/cms/resource/88/1137188_image2_1.jpg,
용양늪,강원특별자치도 철원군 김화읍 생창길 479,033-450-5255,지자체 대표번호,38.28101435,127.4512398,http://tong.visitkorea.or.kr/cms/resource/36/2567236_image2_1.jpg,
용화저수지,강원특별자치도 철원군 갈말읍 신철원리,033-450-5114,지자체 대표번호,38.12376455,127.3419112,http://tong.visitkorea.or.kr/cms/resource/38/1750438_image2_1.jpg,
월정리역,강원특별자치도 철원군 철원읍 두루미로 1882,033-450-5255,지자체 대표번호,38.30938181,127.2302,http://tong.visitkorea.or.kr/cms/resource/36/2389036_image2_1.JPG,
잠곡저수지,강원특별자치도 철원군 근남면 잠곡리,031-853-3636,지자체 대표번호,38.16367858,127.4745021,http://tong.visitkorea.or.kr/cms/resource/73/2567273_image2_1.jpg,
제2땅굴(철원),강원특별자치도 철원군 동송읍 양지리,033-450-5255,지자체 대표번호,38.26325143,127.284057,,
직탕폭포,강원특별자치도 철원군 직탕길 86 폭포가든,033-450-5255,지자체 대표번호,38.21032489,127.2654396,http://tong.visitkorea.or.kr/cms/resource/70/1137370_image2_1.jpg,
철새마을,강원특별자치도 철원군 동송읍 양지2길 44,031-683-1888,개별 문의처,38.26982691,127.2812487,http://tong.visitkorea.or.kr/cms/resource/87/2710387_image2_1.jpg,
철원 노동당사,강원특별자치도 철원군 철원읍 금강산로 265,033-450-5255,지자체 대표번호,38.25520094,127.202001,http://tong.visitkorea.or.kr/cms/resource/06/2034706_image2_1.jpg,
철원 농산물검사소,강원특별자치도 철원군 철원읍 외촌리 620-1,033-450-5151,개별 문의처,38.27630302,127.2004984,,
철원 두루미자는 버들골마을,강원특별자치도 철원군 동송읍 금강산로 1556,,개별 문의처,38.28317546,127.3209332,http://tong.visitkorea.or.kr/cms/resource/63/2567763_image2_1.jpg,
철원 오대미마을,강원특별자치도 철원군 철원읍 묘장로 301,033-455-2300,개별 문의처,38.26482352,127.1691859,http://tong.visitkorea.or.kr/cms/resource/63/2567163_image2_1.jpg,
철원 용암대지,강원특별자치도 철원군 철원읍 사요리,033-450-5255,지자체 대표번호,38.26222033,127.1918947,http://tong.visitkorea.or.kr/cms/resource/13/2615213_image2_1.bmp,
철원 철새도래지 (철원평야),강원특별자치도 철원군 철원읍,033-450-5255,지자체 대표번호,38.21599475,127.2142501,,
철원 평화전망대,강원특별자치도 철원군 동송읍 양지리,033-450-5255,지자체 대표번호,38.26325143,127.284057,,
철원 한탄강 은하수교,강원특별자치도 철원군 동송읍 장흥리 725-12,033-450-5255,지자체 대표번호,38.20067028,127.2710318,http://tong.visitkorea.or.kr/cms/resource/76/2679576_image2_1.bmp,
철원관광정보센터,강원특별자치도 철원군 동송읍 태봉로 1825,033-450-5558,개별 문의처,38.18542141,127.2874037,http://tong.visitkorea.or.kr/cms/resource/99/2567099_image2_1.jpg,
철원승일공원,강원특별자치도 철원군 갈말읍 내대리,033-450-5255,지자체 대표번호,38.20111507,127.3000315,http://tong.visitkorea.or.kr/cms/resource/61/2777861_image2_1.jpg,
철원역사(舍),강원특별자치도 철원군 철원읍 외촌리,033-450-5255,지자체 대표번호,38.27630302,127.2004984,http://tong.visitkorea.or.kr/cms/resource/77/2567777_image2_1.jpg,
철원지석묘군,강원특별자치도 철원군 갈말읍 토성길 87,033-450-5255,지자체 대표번호,38.24410306,127.3421394,,
철원충렬사지,강원특별자치도 철원군 김화읍 생창길 603,033-450-5255,지자체 대표번호,38.29024809,127.4498333,http://tong.visitkorea.or.kr/cms/resource/47/2720647_image2_1.jpg,
철원평화마을 유곡리캠핑장,강원특별자치도 철원군 근북면 유곡로 545,033-455-3904,개별 문의처,38.3010542,127.3989073,,
철원향교,강원특별자치도 철원군 철원읍 금학로 591,033-450-5365,지자체 대표번호,38.2394405,127.2135063,http://tong.visitkorea.or.kr/cms/resource/33/2734933_image2_1.jpg,
학저수지,강원특별자치도 철원군 동송읍 학마을길 68,033-450-5365,지자체 대표번호,38.23002495,127.2222235,http://tong.visitkorea.or.kr/cms/resource/83/2567283_image2_1.jpg,
DMZ 생태평화공원,강원특별자치도 철원군 김화읍 생창길 481-1,033-458-3633,개별 문의처,38.27056883,127.4484182,http://tong.visitkorea.or.kr/cms/resource/14/2353614_image2_1.jpg,
가월리 · 주월리 구석기 유적,경기도 파주시 적성면 달빛길 345,031-940-4351,지자체 대표번호,37.98415112,126.9042371,http://tong.visitkorea.or.kr/cms/resource/67/2567367_image2_1.jpg,
감악산 출렁다리,경기도 파주시 설마천로 238,031-940-4612,개별 문의처,37.93841476,126.9473157,http://tong.visitkorea.or.kr/cms/resource/79/2567379_image2_1.jpg,
감악산(파주),경기도 파주시 적성면 감골길 48,031-940-8598,지자체 대표번호,37.91216648,126.9521886,,
교하동 고인돌 산림욕장,경기도 파주시 교하로1290번길 91,031-940-8598,지자체 대표번호,37.74637229,126.7399352,http://tong.visitkorea.or.kr/cms/resource/95/2567395_image2_1.jpg,추가연락가능번호 : 033-480-2230(양구군청)
교하중앙공원,경기도 파주시 숲속노을로 256,031-940-8598,지자체 대표번호,37.72332017,126.712302,http://tong.visitkorea.or.kr/cms/resource/07/2765007_image2_1.JPG,
교하향교,경기도 파주시 쇠재로 91,031-940-4351,지자체 대표번호,37.74964971,126.7769365,http://tong.visitkorea.or.kr/cms/resource/40/1591140_image2_1.jpg,
네이처스파,경기도 파주시 교하로 677-20,031-944-2666,개별 문의처,37.71250491,126.7006422,http://tong.visitkorea.or.kr/cms/resource/42/2757542_image2_1.jpg,
대성동 자유의 마을,경기도 파주시 군내면 대성동길 150,031-940-8241,개별 문의처,37.94386756,126.6804818,,"추가연락가능번호 : 033-460-8955, 033-460-8956, 033-460-8957"
덕진산성,경기도 파주시 군내면 정자리 13,031-940-4351,지자체 대표번호,37.91439304,126.7711197,http://tong.visitkorea.or.kr/cms/resource/13/2567413_image2_1.jpg,"추가연락가능번호 : 033-460-8955, 033-460-8956, 033-460-8957"
도라산 평화공원,경기도 파주시 장단면 제3땅굴로 310,031-953-4854,개별 문의처,37.90890563,126.7048139,http://tong.visitkorea.or.kr/cms/resource/27/2567427_image2_1.jpg,
도라산역,경기도 파주시 희망로 307 도라산역,031-953-3334,개별 문의처,37.89885184,126.7096295,http://tong.visitkorea.or.kr/cms/resource/97/935097_image2_1.jpg,
도라전망대,경기도 파주시 장단면 제3땅굴로 310,031-954-0303,개별 문의처,37.90890563,126.7048139,http://tong.visitkorea.or.kr/cms/resource/27/2567427_image2_1.jpg,
마장리계곡,경기도 파주시 광탄면 심궁로246번길 13,031-940-8598,지자체 대표번호,37.77803587,126.8772178,http://tong.visitkorea.or.kr/cms/resource/48/2765048_image2_1.JPG,
마장호수,경기도 파주시 광탄면 기산로 365,031-940-8549,개별 문의처,37.77467216,126.932808,http://tong.visitkorea.or.kr/cms/resource/95/2706495_image2_1.JPG,
마장호수 출렁다리,경기도 파주시 광탄면 기산로 313,031-950-1901,개별 문의처,37.77305388,126.9278325,,
모산목장,경기도 파주시 탄현면 검산로519번길 6-36,031-942-6480,개별 문의처,37.80279009,126.7270831,http://tong.visitkorea.or.kr/cms/resource/24/2480324_image2_1.jpg,
박달산(파주),경기도 파주시 광탄면 장지산로316번길 47-33,031-940-8598,지자체 대표번호,37.75991729,126.8750615,http://tong.visitkorea.or.kr/cms/resource/78/1860078_image2_1.jpg,
반구정과 황희선생유적지,경기도 파주시 문산읍 반구정로85번길 3,031-954-2170,개별 문의처,37.8678533,126.7527116,,
발랑저수지,경기도 파주시 광탄면 발랑리,031-950-3260,지자체 대표번호,37.80632603,126.8952023,http://tong.visitkorea.or.kr/cms/resource/42/738842_image2_1.jpg,
벽초지수목원,경기도 파주시 광탄면 부흥로 242,031-957-2004,개별 문의처,37.80142636,126.8740554,http://tong.visitkorea.or.kr/cms/resource/00/2713100_image2_1.jpg,
보광사(파주),경기도 파주시 광탄면 보광로474번길 87,,개별 문의처,37.75557471,126.9205648,http://tong.visitkorea.or.kr/cms/resource/86/1890586_image2_1.jpg,"추가연락가능번호 : 031-940-5282, 031-940-5283"
보광사계곡,경기도 파주시 광탄면 영장리 산50-17,031-940-8598,지자체 대표번호,37.75231256,126.9224351,http://tong.visitkorea.or.kr/cms/resource/95/2765095_image2_1.JPG,
북카페 블루박스,경기도 파주시 문발로 240-21,031-955-7440,개별 문의처,37.71553305,126.6880175,,
블루메 미술관,경기도 파주시 탄현면 헤이리마을길 59-30,031-944-6324,개별 문의처,37.78809894,126.69811,http://tong.visitkorea.or.kr/cms/resource/60/2567460_image2_1.jpg,
산머루농원,경기도 파주시 적성면 윗배우니길 441-25,031-958-4558,개별 문의처,37.96616621,126.9539392,http://tong.visitkorea.or.kr/cms/resource/98/1983098_image2_1.jpg,
성혼선생묘,경기도 파주시 파주읍 향양리,031-940-4351,지자체 대표번호,37.8516015,126.8209869,http://tong.visitkorea.or.kr/cms/resource/11/188811_image2_1.jpg,
소령원,경기도 파주시 광탄면 소령원길 41-65,031-941-4208,개별 문의처,37.7754708,126.9043018,http://tong.visitkorea.or.kr/cms/resource/82/2567482_image2_1.jpg,
소울원,경기도 파주시 탄현면 검산로 424-12,031-945-4261,개별 문의처,37.79712135,126.7410508,http://tong.visitkorea.or.kr/cms/resource/06/2006006_image2_1.jpg,
쇠꼴마을,경기도 파주시 법원읍 술이홀로1333번길,031-959-0123,개별 문의처,37.8837162,126.8740002,http://tong.visitkorea.or.kr/cms/resource/60/1591160_image2_1.jpg,
수길원,경기도 파주시 광탄면 소령원길 41-38,031-940-4351,지자체 대표번호,37.7754708,126.9043018,http://tong.visitkorea.or.kr/cms/resource/93/2567493_image2_1.jpg,
수우원,경기도 파주시 적성면 양연로845번길 47,031-940-4351,지자체 대표번호,37.9790143,127.0086227,,
스토리 미니어처 뮤지엄,경기도 파주시 탄현면 헤이리마을길 93-75,0507-1332-0136,개별 문의처,37.78809894,126.69811,http://tong.visitkorea.or.kr/cms/resource/01/2567501_image2_1.jpg,
심학산 산림공원,경기도 파주시 동패동 산284-1,031-940-8598,지자체 대표번호,37.70453546,126.7064111,http://tong.visitkorea.or.kr/cms/resource/10/1913910_image2_1.jpg,
영토문화관독도,경기도 파주시 탄현면 헤이리마을길 59-128,031-946-5822,개별 문의처,37.78809894,126.69811,http://tong.visitkorea.or.kr/cms/resource/18/2567518_image2_1.jpg,
오두산 통일전망대,경기도 파주시 탄현면 필승로 369,031-956-8300,개별 문의처,37.77306926,126.67709,http://tong.visitkorea.or.kr/cms/resource/70/2445770_image2_1.JPG,
용상사(파주),경기도 파주시 월롱면 용상골길 403,031-945-4489,개별 문의처,37.79822354,126.7662785,,
용암사(파주),경기도 파주시 광탄면 혜음로 742-28,031-942-0265,개별 문의처,37.77286799,126.8504327,,
용주서원,경기도 파주시 월롱면 용주서원길 46,031-940-4351,지자체 대표번호,37.79937435,126.7770278,http://tong.visitkorea.or.kr/cms/resource/90/1591190_image2_1.jpg,
우농타조농장,경기도 파주시 교하로 595-41,031-942-6300,개별 문의처,37.71250491,126.7006422,http://tong.visitkorea.or.kr/cms/resource/11/2482111_image2_1.jpg,
운계폭포,경기도 파주시 적성면 감골길 48,031-940-4612,개별 문의처,37.91216648,126.9521886,,
운정건강공원(가온),경기도 파주시 와석순환로172번길 35,031-940-8598,지자체 대표번호,37.71548133,126.7419858,http://tong.visitkorea.or.kr/cms/resource/52/2782352_image2_1.jpg,
운정체육공원,경기도 파주시 가람로150번길 41-33,031-940-8598,지자체 대표번호,37.73674912,126.7671984,http://tong.visitkorea.or.kr/cms/resource/81/2764481_image2_1.JPG,
운정호수공원,경기도 파주시 경의로 1151,031-940-8598,지자체 대표번호,37.720108,126.7601224,http://tong.visitkorea.or.kr/cms/resource/99/2764499_image2_1.JPG,
율곡수목원,경기도 파주시 파평면 장승배기로 392,031-940-5263,개별 문의처,37.89831144,126.8228627,,
임진강 독개다리,경기도 파주시 문산읍 마정리 1400-5,070-4405-3323,개별 문의처,37.8942339,126.7513055,http://tong.visitkorea.or.kr/cms/resource/46/2717246_image2_1.jpg,
임진강 한우마을,경기도 파주시 적성면 솥뒤로 32,031-940-8514,개별 문의처,37.95671746,126.9167127,http://tong.visitkorea.or.kr/cms/resource/47/2482647_image2_1.jpg,
임진강 황포돛배,경기도 파주시 적성면 율곡로 1857,031-958-2557,개별 문의처,37.96501554,126.8896866,http://tong.visitkorea.or.kr/cms/resource/21/2991121_image2_1.jpg,
자유의 다리(파주),경기도 파주시 문산읍 임진각로 148-53,031-953-4744,개별 문의처,37.88866503,126.7492897,http://tong.visitkorea.or.kr/cms/resource/55/2567555_image2_1.jpg,
장산전망대,경기도 파주시 문산읍 장산리 산21-3,031-940-8598,지자체 대표번호,37.89441351,126.7921738,http://tong.visitkorea.or.kr/cms/resource/56/2782356_image2_1.jpg,
적성향교,경기도 파주시 적성면 감악산로 1311-20,031-940-4351,지자체 대표번호,37.9505276,126.9317283,,
제3땅굴,경기도 파주시 군내면 제3땅굴로 210-358,031-954-0303,개별 문의처,37.90591611,126.7173605,http://tong.visitkorea.or.kr/cms/resource/15/2706515_image2_1.jpg,
쥬라리움 파주점,경기도 파주시 탄현면 새오리로 69,070-8860-7542,개별 문의처,37.79040143,126.6850663,http://tong.visitkorea.or.kr/cms/resource/67/2782967_image2_1.jpg,추가연락가능번호 : 033-480-2230(양구군청)
청도훼미리랜드,경기도 파주시 문산읍 문산역로 107,031-953-6600,개별 문의처,37.85577715,126.7867052,http://tong.visitkorea.or.kr/cms/resource/40/757940_image2_1.jpg,
캠프 그리브스,경기도 파주시 군내면 적십자로 137,031-953-6970,개별 문의처,37.8984299,126.731633,http://tong.visitkorea.or.kr/cms/resource/85/2375485_image2_1.jpg,
타임앤블레이드 박물관,경기도 파주시 탄현면 헤이리마을길 41,031-949-5675,개별 문의처,37.78734999,126.6978703,http://tong.visitkorea.or.kr/cms/resource/77/2567577_image2_1.jpg,
통일공원(파주),경기도 파주시 파주읍 통일로 1586-24,031-940-4351,지자체 대표번호,37.85513878,126.78878,,"추가연락가능번호 : 033-460-8955, 033-460-8956, 033-460-8957"
통일동산 관광특구,경기도 파주시 탄현면 평화로 885-59,033-460-8954,지자체 대표번호,37.772565,126.7288126,http://tong.visitkorea.or.kr/cms/resource/04/2601504_image2_1.jpg,"추가연락가능번호 : 033-460-8955, 033-460-8956, 033-460-8957"
통일정보화마을,경기도 파주시 군내면 통일촌길 220,031-940-8250,개별 문의처,37.90630562,126.7311812,http://tong.visitkorea.or.kr/cms/resource/95/2567595_image2_1.jpg,
퇴골계곡,경기도 파주시 적성면 칠중1길 65,031-940-8598,지자체 대표번호,37.95148771,126.9195702,http://tong.visitkorea.or.kr/cms/resource/29/2765029_image2_1.jpg,
파산서원,경기도 파주시 파평면 파산서원길 24-40,031-940-4351,지자체 대표번호,37.93817141,126.8552661,http://tong.visitkorea.or.kr/cms/resource/16/188816_image2_1.jpg,
파주 DMZ 곤돌라,경기도 파주시 문산읍 임진각로 148-73,031-952-6388,개별 문의처,37.88866503,126.7492897,,
파주 DMZ 생태연구소,경기도 파주시 회동길 513,031-955-1550,개별 문의처,37.72290435,126.6930725,http://tong.visitkorea.or.kr/cms/resource/49/2482949_image2_1.jpg,
파주 덕은리 주거지와 지석묘군,경기도 파주시 월롱면 능산리,031-940-4351,지자체 대표번호,37.82968677,126.7729319,,
파주 맛고을 음식문화거리,경기도 파주시 탄현면 성동리 일대,031-940-4363,지자체 대표번호,37.8025424,126.716245,http://tong.visitkorea.or.kr/cms/resource/25/1913925_image2_1.jpg,
파주 산머루마을,경기도 파주시 적성면 윗배우니길 194,031-958-3600,개별 문의처,37.96934813,126.9519163,http://tong.visitkorea.or.kr/cms/resource/61/2482961_image2_1.jpg,
파주 삼릉 [유네스코 세계문화유산],경기도 파주시 조리읍 삼릉로 89,031-941-4208,개별 문의처,37.74328564,126.8355265,http://tong.visitkorea.or.kr/cms/resource/05/1593605_image2_1.jpg,
파주 오두산성,경기도 파주시 탄현면 성동리,031-940-4351,지자체 대표번호,37.78446488,126.6781165,http://tong.visitkorea.or.kr/cms/resource/12/188812_image2_1.jpg,
파주 윤관장군묘,경기도 파주시 광탄면 혜음로 930,031-940-4351,지자체 대표번호,37.76766672,126.8552613,http://tong.visitkorea.or.kr/cms/resource/82/738882_image2_1.jpg,
파주 율곡습지공원,경기도 파주시 파평면 율곡리,031-940-8598,지자체 대표번호,37.88703978,126.8177045,http://tong.visitkorea.or.kr/cms/resource/94/2368594_image2_1.jpg,"추가연락가능번호 : 031-940-5282, 031-940-5283"
파주 장단콩마을,경기도 파주시 군내면 통일촌길 64,031-953-7600,개별 문의처,37.91063898,126.7336031,http://tong.visitkorea.or.kr/cms/resource/62/1789762_image2_1.jpg,
"파주 장릉(인조,인열왕후) [유네스코]",경기도 파주시 탄현면 장릉로 90,031-945-9242,개별 문의처,37.77118807,126.7110002,,
파주 출판도시,경기도 파주시 회동길 145,031-955-0050,개별 문의처,37.70854964,126.6868336,http://tong.visitkorea.or.kr/cms/resource/64/1591764_image2_1.jpg,
파주라기파크,경기도 파주시 회동길 390,031-940-8598,지자체 대표번호,37.71781927,126.6937616,http://tong.visitkorea.or.kr/cms/resource/37/2765037_image2_1.JPG,
파주이이유적,경기도 파주시 법원읍 자운서원로 204,031-958-1749,개별 문의처,37.86613553,126.8709854,http://tong.visitkorea.or.kr/cms/resource/08/2482208_image2_1.jpg,
파주임진팔경,경기도 파주시 파평면 화석정로 152-72,031-940-4351,지자체 대표번호,37.8839578,126.802391,http://tong.visitkorea.or.kr/cms/resource/42/2567542_image2_1.jpg,
파주장단콩웰빙마루,경기도 파주시 필승로 396,031-943-2662,개별 문의처,37.77714512,126.6844751,,
파주출판단지근린공원,경기도 파주시 직지길 469,031-940-8598,지자체 대표번호,37.71984639,126.6884094,http://tong.visitkorea.or.kr/cms/resource/40/2764540_image2_1.JPG,
파주팜랜드,경기도 파주시 탄현면 새오리로 318-34,031-942-1533,개별 문의처,37.808712,126.6903555,http://tong.visitkorea.or.kr/cms/resource/07/2746707_image2_1.jpeg,
파주향교,경기도 파주시 파주읍 향교말길 56-83,031-940-4351,지자체 대표번호,37.832581,126.8143294,http://tong.visitkorea.or.kr/cms/resource/96/1591996_image2_1.jpg,
파평용연,경기도 파주시 파평면 늘노리 385-1,031-940-8598,지자체 대표번호,37.92314784,126.8613667,http://tong.visitkorea.or.kr/cms/resource/15/758015_image2_1.jpg,
판문점,경기도 파주시 문산읍 임진각로 148-40,1588-8889,개별 문의처,37.88866503,126.7492897,http://tong.visitkorea.or.kr/cms/resource/23/774723_image2_1.jpg,
퍼스트가든,경기도 파주시 탑삭골길 260,031-957-6861,개별 문의처,37.73264453,126.7949741,http://tong.visitkorea.or.kr/cms/resource/24/2590924_image2_1.bmp,
평화랜드,경기도 파주시 문산읍 임진각로 148-39,031-953-4448,개별 문의처,37.88866503,126.7492897,http://tong.visitkorea.or.kr/cms/resource/75/1591975_image2_1.jpg,
평화를 품은 집,경기도 파주시 파평면 파평산로389번길 42-19,031-953-4557,개별 문의처,37.89338045,126.8394835,,
프로방스 마을,경기도 파주시 탄현면 새오리로 69,031-946-6353,개별 문의처,37.79040143,126.6850663,http://tong.visitkorea.or.kr/cms/resource/67/2782967_image2_1.jpg,
플레이라움,경기도 파주시 장뜰길 335,,개별 문의처,37.97360346,126.9762361,,
하니랜드,경기도 파주시 조리읍 장곡로 218,031-945-2250,개별 문의처,37.74984994,126.8335561,,
해마루촌,경기도 파주시 진동면 해마루길 111,031-954-6430,개별 문의처,37.92592514,126.7871448,http://tong.visitkorea.or.kr/cms/resource/36/1821736_image2_1.jpg,
헤이리 예술마을,경기도 파주시 탄현면 헤이리마을길 70-21,031-946-8551,개별 문의처,37.78809894,126.69811,http://tong.visitkorea.or.kr/cms/resource/35/2706535_image2_1.jpg,
화석정,경기도 파주시 파평면 화석정로 152-72,031-940-4351,지자체 대표번호,37.8839578,126.802391,http://tong.visitkorea.or.kr/cms/resource/42/2567542_image2_1.jpg,
황인용 뮤직 스페이스 <카메라타>,경기도 파주시 탄현면 헤이리마을길 83,031-957-3369,개별 문의처,37.7900367,126.6996165,http://tong.visitkorea.or.kr/cms/resource/86/2744286_image2_1.jpg,
DMZ 생생누리,경기도 파주시 임진각로 148-53 종합관광안내소,070-4123-1393,개별 문의처,37.89042994,126.7403768,,
감성마을 이외수 문학관,강원특별자치도 화천군 상서면 감성마을길 157,033-441-1253,개별 문의처,38.1665806,127.516327,http://tong.visitkorea.or.kr/cms/resource/93/2566293_image2_1.jpg,
곡운구곡,강원특별자치도 화천군 사내면 용담리,033-440-2545,지자체 대표번호,38.06002334,127.5522307,http://tong.visitkorea.or.kr/cms/resource/01/2566301_image2_1.jpg,
광덕계곡,강원특별자치도 화천군 사내면 포화로 582,033-440-2545,지자체 대표번호,38.07631541,127.4817271,http://tong.visitkorea.or.kr/cms/resource/95/172295_image2_1.jpg,
광덕산(화천),강원특별자치도 화천군 사내면,033-440-2545,지자체 대표번호,38.07015881,127.5234338,http://tong.visitkorea.or.kr/cms/resource/17/2566317_image2_1.jpg,
국제평화아트파크,강원특별자치도 화천군 화천읍 평화로 3518,033-440-2545,지자체 대표번호,38.21098522,127.8510205,,
꺼먹다리,강원특별자치도 화천군 화천읍 평화로 685,033-440-2545,지자체 대표번호,38.10604005,127.7619522,,
낭천산림욕장,강원특별자치도 화천군 화천읍 중리 221,033-440-1221,지자체 대표번호,38.10948687,127.712966,http://tong.visitkorea.or.kr/cms/resource/18/172318_image2_1.jpg,
대성산지구 전적비,강원특별자치도 화천군 상서면 다목리 산1-1,033-440-2545,지자체 대표번호,38.17962871,127.5132003,http://tong.visitkorea.or.kr/cms/resource/23/2566323_image2_1.jpg,추가연락가능번호 : 033-480-2230(양구군청)
동구래마을,강원특별자치도 화천군 하남면 호수길 329,033-440-2545,지자체 대표번호,38.04097051,127.6638804,http://tong.visitkorea.or.kr/cms/resource/31/2566331_image2_1.jpg,
딴산,강원특별자치도 화천군 화천읍 대이리,033-440-2545,지자체 대표번호,38.10424372,127.7459247,http://tong.visitkorea.or.kr/cms/resource/09/2020509_image2_1.jpg,
딴산유원지,강원특별자치도 화천군 화천읍 대이리 산1-1,033-440-2545,지자체 대표번호,38.12310458,127.758778,http://tong.visitkorea.or.kr/cms/resource/73/2785673_image2_1.JPG,
만산동계곡,강원특별자치도 화천군 상서면 만산동로 406-38,033-440-2545,지자체 대표번호,38.14302612,127.6021558,http://tong.visitkorea.or.kr/cms/resource/23/1583823_image2_1.jpg,"추가연락가능번호 : 033-460-8955, 033-460-8956, 033-460-8957"
백암산 케이블카,강원특별자치도 화천군 화천읍 풍산리,033-440-2338,개별 문의처,38.19520258,127.7838467,,"추가연락가능번호 : 033-460-8955, 033-460-8956, 033-460-8957"
병풍산,강원특별자치도 화천군 간동면 방천리,033-440-2545,지자체 대표번호,38.08349623,127.8571177,http://tong.visitkorea.or.kr/cms/resource/45/2566345_image2_1.jpg,
붕어섬,강원특별자치도 화천군 화천읍 강변로 2-54,033-440-2557,개별 문의처,38.10736368,127.7095646,http://tong.visitkorea.or.kr/cms/resource/81/172381_image2_1.jpg,
비래암,강원특별자치도 화천군 상서면 구운리,033-440-2545,지자체 대표번호,38.13735023,127.6062135,http://tong.visitkorea.or.kr/cms/resource/08/2616508_image2_1.bmp,
비수구미마을(비수구미계곡),강원특별자치도 화천군 화천읍 비수구미길 470,033-442-0145,개별 문의처,38.18281598,127.8478128,http://tong.visitkorea.or.kr/cms/resource/19/2675219_image2_1.jpg,
산속호수마을,강원특별자치도 화천군 화천읍 호음로 806,033-442-3820,개별 문의처,38.12560214,127.7902574,http://tong.visitkorea.or.kr/cms/resource/14/2494614_image2_1.jpg,
산천어시네마,강원특별자치도 화천군 화천읍 상승로2길 25-10,033-441-7053,개별 문의처,38.10601994,127.7040923,http://tong.visitkorea.or.kr/cms/resource/62/2566362_image2_1.jpg,
산천어커피박물관,강원특별자치도 화천군 화천읍 상승로2길 21,033-442-2544,개별 문의처,38.10596896,127.7037748,http://tong.visitkorea.or.kr/cms/resource/71/2566371_image2_1.jpg,
삼일계곡,강원특별자치도 화천군 사내면 삼일리 196,033-440-2545,지자체 대표번호,38.0554079,127.5298156,http://tong.visitkorea.or.kr/cms/resource/51/2797051_image2_1.jpg,
서오지리,강원특별자치도 화천군 하남면 건넌들길 97,033-440-2545,지자체 대표번호,38.04164,127.6542827,,
수달연구센터,강원특별자치도 화천군 간동면 간척월명로 869-129,033-441-9798,개별 문의처,38.08235366,127.8428006,,
신읍리 동지화 마을,강원특별자치도 화천군 화천읍 신읍리,033-440-2545,지자체 대표번호,38.17476275,127.7013228,http://tong.visitkorea.or.kr/cms/resource/91/2566391_image2_1.jpg,
양의대 하천습지,강원특별자치도 화천군 화천읍 풍산리,033-440-2545,지자체 대표번호,38.19520258,127.7838467,,"추가연락가능번호 : 031-940-5282, 031-940-5283"
에어링화천,강원특별자치도 화천군 화천읍 강변로 2-54,033-440-2545,지자체 대표번호,38.10736368,127.7095646,http://tong.visitkorea.or.kr/cms/resource/81/172381_image2_1.jpg,
연꽃단지,강원특별자치도 화천군 하남면 건넌들길 97,033-440-2545,지자체 대표번호,38.04164,127.6542827,,
용담계곡,강원특별자치도 화천군 사내면 물안골길,033-440-2545,지자체 대표번호,38.05358761,127.555326,http://tong.visitkorea.or.kr/cms/resource/15/2566415_image2_1.jpg,
용암리선사유적,강원특별자치도 화천군 하남면 용암리 1121,033-440-2575,개별 문의처,38.09350013,127.6993773,,
용화산,강원특별자치도 화천군 하남면 삼화리,033-440-2545,지자체 대표번호,38.05660666,127.7253787,http://tong.visitkorea.or.kr/cms/resource/16/1140216_image2_1.jpg,
월남 파병용사 만남의 장,강원특별자치도 화천군 간동면 죽엽산길 81-68,033-440-2575,개별 문의처,38.05374021,127.8359158,http://tong.visitkorea.or.kr/cms/resource/64/1138864_image2_1.jpg,
위라리칠층석탑,강원특별자치도 화천군 하남면 위라리,033-440-2575,지자체 대표번호,38.08410348,127.7181229,http://tong.visitkorea.or.kr/cms/resource/90/1140290_image2_1.jpg,
유촌리 파로호 느릅마을,강원특별자치도 화천군 간동면 파로호로 923-15,033-442-5517,개별 문의처,38.0770935,127.7816834,http://tong.visitkorea.or.kr/cms/resource/21/2566421_image2_1.jpg,
창안산산림욕장,강원특별자치도 화천군 사내면 사창리 산52,033-440-2422,지자체 대표번호,38.07117767,127.5268776,http://tong.visitkorea.or.kr/cms/resource/80/2795680_image2_1.jpg,
칠성전망대,강원특별자치도 화천군 상서면 주파령로 4,033-440-2545,지자체 대표번호,38.21090327,127.6642356,http://tong.visitkorea.or.kr/cms/resource/31/2566431_image2_1.jpg,
토마토조각공원,강원특별자치도 화천군 사내면 수피령로 75,033-440-2545,지자체 대표번호,38.07377307,127.521003,http://tong.visitkorea.or.kr/cms/resource/03/2795703_image2_1.jpg,
파로호(화천),강원특별자치도 화천군 간동면 배터길 36-8,033-440-2545,지자체 대표번호,38.09596548,127.7754549,http://tong.visitkorea.or.kr/cms/resource/25/2711025_image2_1.jpg,
파로호전망대,강원특별자치도 화천군 간동면 파로호로 208,033-440-2545,지자체 대표번호,38.09499205,127.7715293,http://tong.visitkorea.or.kr/cms/resource/26/2776926_image2_1.JPG,
평화의 댐 물 문화관,강원특별자치도 화천군 화천읍 평화로 3481-18,033-440-2545,지자체 대표번호,38.17387943,127.7578295,http://tong.visitkorea.or.kr/cms/resource/55/1141455_image2_1.jpg,
평화의댐(화천),강원특별자치도 화천군 화천읍 평화로 3481-18,033-440-2545,지자체 대표번호,38.17387943,127.7578295,http://tong.visitkorea.or.kr/cms/resource/55/1141455_image2_1.jpg,
갑곶돈대,인천광역시 강화군 강화읍 해안동로1366번길 18,032-933-1525,개별 문의처,37.73357897,126.5159972,http://tong.visitkorea.or.kr/cms/resource/19/688619_image2_1.jpg,
강화 고인돌 유적 [유네스코],인천광역시 강화군 하점면 부근리,032-933-3624,개별 문의처,37.76938587,126.4340256,http://tong.visitkorea.or.kr/cms/resource/77/1876577_image2_1.jpg,
해산전망대,강원특별자치도 화천군 화천읍 동촌리 산11-7,033-440-2545,지자체 대표번호,38.19050041,127.8169281,http://tong.visitkorea.or.kr/cms/resource/57/2566457_image2_1.jpg,
화악산,강원특별자치도 화천군 사내면 삼일리,033-440-2545,지자체 대표번호,38.03088403,127.4982284,http://tong.visitkorea.or.kr/cms/resource/98/1141498_image2_1.jpg,
화음동정사지,강원특별자치도 화천군 사내면 삼일리 1097-21,033-440-2575,지자체 대표번호,38.03088403,127.4982284,http://tong.visitkorea.or.kr/cms/resource/16/2795716_image2_1.jpg,
화천 계성리 석등,강원특별자치도 화천군 하남면 계성리,033-440-2575,지자체 대표번호,38.0880749,127.6089433,,
화천 구운리 산천어마을,강원특별자치도 화천군 상서면 만산동로 1042,033-440-2604,개별 문의처,38.13542885,127.6251293,http://tong.visitkorea.or.kr/cms/resource/73/2495373_image2_1.jpg,
화천 목재문화체험장,강원특별자치도 화천군 하남면 영서로 5289-11,033-441-9928,개별 문의처,38.1507543,127.6597392,http://tong.visitkorea.or.kr/cms/resource/65/2567665_image2_1.jpg,
화천 반지교&아를테마수목공원,강원특별자치도 화천군 하남면 거례리 514-1,033-440-2545,지자체 대표번호,38.0567179,127.6938187,,
화천 백립암복합체,강원특별자치도 화천군 화천읍 평화로 2393,033-440-2545,지자체 대표번호,38.18980806,127.7992486,http://tong.visitkorea.or.kr/cms/resource/55/2616555_image2_1.bmp,
화천 비목공원,강원특별자치도 화천군 화천읍 평화로 3481-70,033-440-2545,지자체 대표번호,38.17387943,127.7578295,http://tong.visitkorea.or.kr/cms/resource/87/172387_image2_1.jpg,
화천 산약초 마을,강원특별자치도 화천군 상서면 갈목길 157,033-441-3312,지자체 대표번호,38.16056569,127.6043002,http://tong.visitkorea.or.kr/cms/resource/75/2567675_image2_1.jpg,
화천 토고미마을,강원특별자치도 화천군 상서면 토고미길 22-8,033-441-7254,개별 문의처,38.13390768,127.6794469,,
화천 토속어류생태체험관,강원특별자치도 화천군 간동면 어룡동길 366,033-442-7464,개별 문의처,38.12543831,127.7637882,http://tong.visitkorea.or.kr/cms/resource/66/2548666_image2_1.jpg,
화천 풍산마을,강원특별자치도 화천군 화천읍 평화로 1260-13,033-440-2545,지자체 대표번호,38.17387943,127.7578295,http://tong.visitkorea.or.kr/cms/resource/13/2495413_image2_1.jpg,
화천 하늘빛호수마을,강원특별자치도 화천군 하남면 호수마을길 39,033-441-6758,개별 문의처,38.05526208,127.6698307,http://tong.visitkorea.or.kr/cms/resource/19/2495419_image2_1.jpg,추가연락가능번호 : 033-480-2230(양구군청)
화천사랑나무,강원특별자치도 화천군 하남면 거례리 484-2,033-440-2545,지자체 대표번호,38.0567179,127.6938187,,
화천조경철천문대,강원특별자치도 화천군 사내면 천문대길 431,033-818-1929,개별 문의처,38.11858653,127.4339337,http://tong.visitkorea.or.kr/cms/resource/86/2567686_image2_1.jpg,
화천향교,강원특별자치도 화천군 화천읍 상승로1길 48-16,033-440-2575,지자체 대표번호,38.1047204,127.699643,http://tong.visitkorea.or.kr/cms/resource/59/2669259_image2_1.jpg,
643고지전투전적비,강원특별자치도 화천군 화천읍 평화로 705-6,033-440-2545,지자체 대표번호,38.17387943,127.7578295,http://tong.visitkorea.or.kr/cms/resource/86/2566286_image2_1.jpg,"추가연락가능번호 : 033-460-8955, 033-460-8956, 033-460-8957"
88공원,강원특별자치도 화천군 간동면 어룡동길 42-96,033-440-2545,지자체 대표번호,38.11907447,127.7640428,http://tong.visitkorea.or.kr/cms/resource/19/172519_image2_1.jpg,"추가연락가능번호 : 033-460-8955, 033-460-8956, 033-460-8957"
강화도,인천광역시 강화군 강화읍 강화대로,032-930-3621,지자체 대표번호,37.76211323,126.4657266,http://tong.visitkorea.or.kr/cms/resource/73/1924973_image2_1.jpg,
금풍양조장,인천광역시 강화군 삼랑성길 8,070-4400-1931,개별 문의처,37.6384562,126.4913369,,
김상용순절비,인천광역시 강화군 강화읍 관청리,032-930-3621,지자체 대표번호,37.7492765,126.4851026,http://tong.visitkorea.or.kr/cms/resource/68/183068_image2_1.jpg,
삼산저수지,인천광역시 강화군 삼산면 석모리,032-930-3114,지자체 대표번호,37.70261021,126.3126159,http://tong.visitkorea.or.kr/cms/resource/42/739142_image2_1.jpg,
석모도 칠면초 군락지,인천광역시 강화군 삼산면,032-930-3621,지자체 대표번호,37.70494743,126.3204097,http://tong.visitkorea.or.kr/cms/resource/45/2675045_image2_1.jpg,
장화리일몰조망지,인천광역시 강화군 화도면 장화리 1408,032-930-3621,지자체 대표번호,37.61800289,126.3783616,,
적석사낙조대,인천광역시 강화군 내가면 연촌길 181,032-932-6191,개별 문의처,37.73741275,126.4109323,,
거진 등대,강원특별자치도 고성군 거진읍 등대길 17-2,033-680-3411,지자체 대표번호,38.44957787,128.4627665,http://tong.visitkorea.or.kr/cms/resource/14/2714114_image2_1.jpg,
거진항,강원특별자치도 고성군 거진읍 거진항1길 62-3,033-680-3411,지자체 대표번호,38.44895692,128.4620836,http://tong.visitkorea.or.kr/cms/resource/38/1906638_image2_1.jpg,
대진항 해상공원,강원특별자치도 고성군 대진항길 80,033-680-3356,지자체 대표번호,38.4989216,128.4263725,http://tong.visitkorea.or.kr/cms/resource/44/2929444_image2_1.JPG,
오호어촌체험마을,강원특별자치도 고성군 심층수길 40-20,033-631-2552,개별 문의처,38.32960734,128.5272889,http://tong.visitkorea.or.kr/cms/resource/18/863118_image2_1.jpg,
이기붕별장,강원특별자치도 고성군 거진읍 화진포길 300-1,033-680-3677,개별 문의처,38.46869896,128.4446303,http://tong.visitkorea.or.kr/cms/resource/32/1906632_image2_1.jpg,"추가연락가능번호 : 031-940-5282, 031-940-5283"
통일안보공원,강원특별자치도 고성군 현내면 금강산로 481,033-680-3556,개별 문의처,38.51441872,128.4166567,http://tong.visitkorea.or.kr/cms/resource/54/2599054_image2_1.jpg,
라베니체광장,경기도 김포시 태장로 810,031-980-2114,지자체 대표번호,37.63756408,126.6773419,http://tong.visitkorea.or.kr/cms/resource/77/2781777_image2_1.jpeg,
하동천 생태탐방로,경기도 김포시 하성면 봉성리 643-49,031-996-5323,지자체 대표번호,37.68839599,126.64403,http://tong.visitkorea.or.kr/cms/resource/03/2677903_image2_1.bmp,
광치자연휴양림,강원특별자치도 양구군 국토정중앙면 광치령로1794번길 265,033-480-2550,개별 문의처,38.14199767,128.0710753,http://tong.visitkorea.or.kr/cms/resource/09/1813309_image2_1.JPG,
양구인문학박물관,강원특별자치도 양구군 양구읍 파로호로869번길 101,033-482-9800,개별 문의처,38.12199475,127.9812784,http://tong.visitkorea.or.kr/cms/resource/62/2566562_image2_1.jpg,
군남홍수조절지 두루미테마파크,경기도 연천군 군남면,031-839-2061,지자체 대표번호,38.08519693,127.0190811,http://tong.visitkorea.or.kr/cms/resource/41/2480741_image2_1.jpg,
연천 고랑포구 역사공원,경기도 연천군 장남면 장남로 270,031-835-2002,개별 문의처,37.98789133,126.8473295,http://tong.visitkorea.or.kr/cms/resource/26/2604426_image2_1.jpg,
연천 유엔(UN)군 화장장시설,경기도 연천군 미산면,031-839-2144,지자체 대표번호,38.0474065,126.9928181,http://tong.visitkorea.or.kr/cms/resource/76/2566676_image2_1.jpg,
차탄천 주상절리,경기도 연천군 연천읍 통현리,031-839-2144,지자체 대표번호,38.07015601,127.0833835,http://tong.visitkorea.or.kr/cms/resource/05/2566705_image2_1.jpg,
국립 방태산자연휴양림,강원특별자치도 인제군 방태산길 241,033-463-8590,개별 문의처,37.92966237,128.388052,http://tong.visitkorea.or.kr/cms/resource/69/2033869_image2_1.jpg,
마의태자권역마을,강원특별자치도 인제군 상남면 김부대왕로 2376,033-461-0228,개별 문의처,37.88109898,128.2566587,http://tong.visitkorea.or.kr/cms/resource/67/2630967_image2_1.bmp,
소양강 하안단구,강원특별자치도 인제군 북면 둔지말길 43-6,033-249-3881,지자체 대표번호,38.13088536,128.2138672,http://tong.visitkorea.or.kr/cms/resource/15/2616515_image2_1.bmp,
용늪자연생태학교,강원특별자치도 인제군 서화면 금강로 1106-27,033-463-8680,개별 문의처,38.1866925,128.2113499,http://tong.visitkorea.or.kr/cms/resource/47/1693947_image2_1.jpg,
고석정,강원특별자치도 철원군 동송읍 태봉로 1825,033-450-5558,개별 문의처,38.18542141,127.2874037,http://tong.visitkorea.or.kr/cms/resource/99/2567099_image2_1.jpg,
백마고지 위령비와 기념관,강원특별자치도 철원군 철원읍 대마1길 72,033-455-8436,지자체 대표번호,38.26898564,127.1655698,http://tong.visitkorea.or.kr/cms/resource/30/2384030_image2_1.JPG,
철원 누에마을,강원특별자치도 철원군 도덕동길 13,033-458-9688,개별 문의처,38.16546532,127.4598745,http://tong.visitkorea.or.kr/cms/resource/03/2495103_image2_1.jpg,
고정아트,경기도 파주시 탄현면 평화로 668,032-657-4491,개별 문의처,37.77733722,126.7123248,http://tong.visitkorea.or.kr/cms/resource/17/2783117_image2_1.jpg,
새암공원,경기도 파주시 와석순환로 87,031-940-8598,지자체 대표번호,37.70877229,126.7495282,http://tong.visitkorea.or.kr/cms/resource/54/2740454_image2_1.jpg,
자운서원,경기도 파주시 법원읍 자운서원로 204,031-958-1749,개별 문의처,37.86613553,126.8709854,http://tong.visitkorea.or.kr/cms/resource/08/2482208_image2_1.jpg,
파주 임진각(평화누리공원),경기도 파주시 문산읍 임진각로 177,031-953-4744,개별 문의처,37.88953876,126.7401859,http://tong.visitkorea.or.kr/cms/resource/99/2706499_image2_1.jpg,
한길 책박물관,경기도 파주시 탄현면 헤이리마을길 59-6,031-949-9305,개별 문의처,37.78809894,126.69811,http://tong.visitkorea.or.kr/cms/resource/51/2567651_image2_1.jpg,
황희정승묘,경기도 파주시 탄현면 정승로88번길 23-81,031-940-5806,개별 문의처,37.82546218,126.7511589,http://tong.visitkorea.or.kr/cms/resource/64/1591864_image2_1.jpg,
산타우체국,강원특별자치도 화천군 화천읍 산수화로 10,033-442-9400,개별 문의처,38.10712271,127.7060631,http://tong.visitkorea.or.kr/cms/resource/81/2566381_image2_1.jpg,
세계 평화의종 공원,강원특별자치도 화천군 화천읍 평화로 3481-18,033-440-2545,지자체 대표번호,38.17387943,127.7578295,http://tong.visitkorea.or.kr/cms/resource/55/1141455_image2_1.jpg,
피니시타워,강원특별자치도 화천군 하남면 춘화로 3331-50,033-440-2545,지자체 대표번호,38.01986307,127.7213289,http://tong.visitkorea.or.kr/cms/resource/41/2566441_image2_1.jpg,
